-- phpMyAdmin SQL Dump
-- version 5.1.3
-- https://www.phpmyadmin.net/
--
-- Host: localhost
-- Erstellungszeit: 05. Okt 2022 um 21:11
-- Server-Version: 10.5.15-MariaDB-0+deb11u1
-- PHP-Version: 8.1.11

SET SQL_MODE = "NO_AUTO_VALUE_ON_ZERO";
START TRANSACTION;
SET time_zone = "+00:00";


/*!40101 SET @OLD_CHARACTER_SET_CLIENT=@@CHARACTER_SET_CLIENT */;
/*!40101 SET @OLD_CHARACTER_SET_RESULTS=@@CHARACTER_SET_RESULTS */;
/*!40101 SET @OLD_COLLATION_CONNECTION=@@COLLATION_CONNECTION */;
/*!40101 SET NAMES utf8mb4 */;

--
-- Datenbank: `raumklima`
--

-- --------------------------------------------------------

--
-- Tabellenstruktur f端r Tabelle `apis`
--

CREATE TABLE `apis` (
  `id` int(11) NOT NULL,
  `api_name` varchar(50) NOT NULL,
  `api_shorty_name` varchar(3) NOT NULL,
  `api_headers` longtext CHARACTER SET utf8mb4 COLLATE utf8mb4_bin DEFAULT NULL CHECK (json_valid(`api_headers`))
) ENGINE=InnoDB DEFAULT CHARSET=utf8;

--
-- Daten f端r Tabelle `apis`
--

INSERT INTO `apis` (`id`, `api_name`, `api_shorty_name`, `api_headers`) VALUES
(1, 'YR', 'yr', NULL),
(2, 'openweather.org', 'ow', ' {\"appid\": \"b162164351c05deadf7a675ec6598\"}'),
(3, 'weatherbit', 'wb', '{\"X-RapidAPI-Key\": \"9029a422ebmsh0513a0d589737d7p12702cjsn83ef54c81645\", \"X-RapidAPI-Host\": \"weatherbit-v1-mashape.p.rapidapi.com\"}'),
(4, 'Weather-API', 'wa', '{\"X-RapidAPI-Key\": \"9029a422ebmsh0513a0d589737d7p12702cjsn83ef54c81645\", \"X-RapidAPI-Host\": \"weatherapi-com.p.rapidapi.com\"}');

-- --------------------------------------------------------

--
-- Tabellenstruktur f端r Tabelle `api_data_current`
--

CREATE TABLE `api_data_current` (
  `id` int(11) NOT NULL,
  `api_id` int(11) NOT NULL,
  `temperatur` float DEFAULT NULL,
  `humidity` float DEFAULT NULL,
  `sky_description` varchar(100) DEFAULT NULL,
  `sky_clouds` int(3) DEFAULT NULL,
  `air_pressure` float DEFAULT NULL,
  `probability_of_precipitation` int(3) DEFAULT NULL,
  `wind_speed` float DEFAULT NULL,
  `wind_direction_deg` int(3) DEFAULT NULL,
  `wind_direction_name` varchar(30) DEFAULT NULL,
  `updated` timestamp NOT NULL DEFAULT current_timestamp()
) ENGINE=InnoDB DEFAULT CHARSET=utf8mb4;

--
-- Daten f端r Tabelle `api_data_current`
--

INSERT INTO `api_data_current` (`id`, `api_id`, `temperatur`, `humidity`, `sky_description`, `sky_clouds`, `air_pressure`, `probability_of_precipitation`, `wind_speed`, `wind_direction_deg`, `wind_direction_name`, `updated`) VALUES
(2, 3, 13.3, 65, 'Broken clouds', 84, 1011.53, 0, 1.70123, 122, 'ESE', '2022-09-23 19:41:56'),
(3, 4, 12, 67, 'Clear', 0, 1016, 0, 11.2, 130, 'SE', '2022-09-23 19:41:56'),
(4, 4, 12, 67, 'Clear', 0, 1016, 0, 11.2, 130, 'SE', '2022-09-23 20:00:00'),
(5, 3, 12.8, 69, 'Scattered clouds', 54, 1011.33, 0, 1.4622, 125, 'SE', '2022-09-23 20:00:00'),
(6, 1, 12.6, 59.2, NULL, 100, 1015.7, NULL, 3.2, 124, NULL, '2022-09-23 20:21:29'),
(7, 1, 12.6, 59.2, NULL, 100, 1015.7, NULL, 3.2, 124, NULL, '2022-09-23 20:28:07'),
(8, 1, 12.6, 59.2, NULL, 100, 1015.7, NULL, 3.2, 124, NULL, '2022-09-23 20:29:03'),
(9, 4, 10, 82, 'Clear', 0, 1015, 0, 6.8, 120, 'ESE', '2022-09-23 21:00:00'),
(10, 1, 11.6, 62.9, NULL, 100, 1015.6, NULL, 2.6, 139, NULL, '2022-09-23 21:00:00'),
(11, 1, 10.6, 67.8, NULL, 100, 1015.4, NULL, 2.6, 152, NULL, '2022-09-23 22:00:00'),
(12, 4, 10, 82, 'Clear', 0, 1015, 0, 6.1, 120, 'ESE', '2022-09-23 22:00:01'),
(13, 1, 10.6, 68.1, NULL, 100, 1014.9, NULL, 2.6, 163, NULL, '2022-09-23 23:00:00'),
(14, 4, 10, 82, 'Clear', 0, 1015, 0, 6.1, 120, 'ESE', '2022-09-23 23:00:00'),
(15, 1, 10.8, 68.2, NULL, 100, 1014.7, NULL, 2.5, 172, NULL, '2022-09-24 00:00:00'),
(16, 4, 9, 87, 'Clear', 0, 1015, 0, 6.1, 120, 'ESE', '2022-09-24 00:00:03'),
(17, 1, 10.6, 71.7, NULL, 100, 1014.3, NULL, 2.1, 167, NULL, '2022-09-24 01:00:00'),
(18, 4, 9, 87, 'Clear', 0, 1014, 0, 4, 70, 'ENE', '2022-09-24 01:00:00'),
(19, 4, 8, 93, 'Clear', 0, 1014, 0, 4, 120, 'ESE', '2022-09-24 02:00:00'),
(20, 1, 10.4, 76.6, NULL, 100, 1013.8, NULL, 2, 141, NULL, '2022-09-24 02:00:00'),
(21, 4, 9, 87, 'Clear', 0, 1013, 0, 6.8, 110, 'ESE', '2022-09-24 03:00:00'),
(22, 1, 10.3, 78.2, NULL, 100, 1013.7, NULL, 2, 142, NULL, '2022-09-24 03:00:00'),
(23, 1, 10, 80.4, NULL, 100, 1013.6, NULL, 1.7, 140, NULL, '2022-09-24 04:00:00'),
(24, 4, 9, 87, 'Clear', 0, 1013, 0, 6.8, 110, 'ESE', '2022-09-24 04:00:00'),
(25, 4, 9, 87, 'Sunny', 0, 1013, 0, 6.1, 80, 'E', '2022-09-24 05:00:00'),
(26, 1, 10, 81.1, NULL, 100, 1013.4, NULL, 1.6, 127, NULL, '2022-09-24 05:00:00'),
(27, 4, 9, 87, 'Sunny', 0, 1013, 0, 6.1, 100, 'E', '2022-09-24 06:00:00'),
(28, 1, 10.1, 82.8, NULL, 100, 1013.4, NULL, 2.1, 121, NULL, '2022-09-24 06:00:00'),
(29, 1, 10.9, 80.4, NULL, 100, 1013.6, NULL, 2.1, 121, NULL, '2022-09-24 07:00:00'),
(30, 4, 10, 87, 'Sunny', 0, 1013, 0, 3.6, 120, 'ESE', '2022-09-24 07:00:02'),
(31, 4, 10, 87, 'Sunny', 0, 1013, 0, 6.8, 120, 'ESE', '2022-09-24 08:00:00'),
(32, 1, 11.2, 80.1, NULL, 100, 1014.1, NULL, 1.4, 124, NULL, '2022-09-24 08:00:00'),
(33, 1, 12.9, 73.7, NULL, 100, 1014.1, NULL, 1.6, 116, NULL, '2022-09-24 09:00:00'),
(34, 4, 11, 82, 'Sunny', 0, 1013, 0, 6.8, 120, 'ESE', '2022-09-24 09:00:01'),
(35, 4, 13, 77, 'Sunny', 0, 1013, 0, 6.1, 140, 'SE', '2022-09-24 10:00:00'),
(36, 1, 14.8, 68.1, NULL, 100, 1013.8, NULL, 1.8, 117, NULL, '2022-09-24 10:00:00'),
(37, 1, 15.4, 65.5, NULL, 100, 1013.7, NULL, 1.8, 135, NULL, '2022-09-24 11:00:00'),
(38, 4, 14, 72, 'Sunny', 0, 1013, 0, 6.8, 90, 'E', '2022-09-24 11:00:01'),
(39, 4, 16, 63, 'Partly cloudy', 25, 1013, 0, 6.1, 110, 'ESE', '2022-09-24 12:00:00'),
(40, 1, 15.8, 62.9, NULL, 100, 1013.8, NULL, 1.7, 123, NULL, '2022-09-24 12:00:00'),
(41, 1, 16.4, 58.3, NULL, 100, 1013.4, NULL, 1.9, 112, NULL, '2022-09-24 13:00:00'),
(42, 4, 17, 59, 'Light rain', 0, 1013, 0, 3.6, 135, 'SE', '2022-09-24 13:00:00'),
(43, 4, 17, 59, 'Partly cloudy', 25, 1013, 0, 6.1, 30, 'NNE', '2022-09-24 14:00:00'),
(44, 1, 15.4, 67, NULL, 100, 1013.6, NULL, 1.5, 98, NULL, '2022-09-24 14:00:00'),
(45, 4, 17, 63, 'Sunny', 0, 1013, 0, 9, 40, 'NE', '2022-09-24 15:00:00'),
(46, 1, 15.5, 66.4, NULL, 100, 1013.2, NULL, 2.2, 79, NULL, '2022-09-24 15:00:00'),
(47, 4, 16, 68, 'Sunny', 0, 1013, 0, 11.2, 30, 'NNE', '2022-09-24 16:00:00'),
(48, 1, 14.7, 72.6, NULL, 100, 1013.2, NULL, 2.1, 62, NULL, '2022-09-24 16:00:00'),
(49, 4, 15, 72, 'Sunny', 0, 1013, 0, 11.2, 30, 'NNE', '2022-09-24 17:00:00'),
(50, 1, 13.6, 77, NULL, 100, 1013.3, NULL, 2.5, 55, NULL, '2022-09-24 17:00:00'),
(51, 4, 14, 77, 'Clear', 0, 1013, 0, 11.2, 20, 'NNE', '2022-09-24 18:00:00'),
(52, 1, 13.2, 77.2, NULL, 100, 1013.4, NULL, 2.8, 65, NULL, '2022-09-24 18:00:00'),
(53, 4, 14, 77, 'Clear', 0, 1013, 0, 13, 20, 'NNE', '2022-09-24 19:00:00'),
(54, 1, 12.7, 76, NULL, 100, 1013.6, NULL, 2.6, 69, NULL, '2022-09-24 19:00:00'),
(55, 1, 12.4, 81.4, NULL, 100, 1013.7, NULL, 1.8, 53, NULL, '2022-09-24 20:00:00'),
(56, 4, 14, 77, 'Clear', 0, 1013, 0, 11.2, 30, 'NNE', '2022-09-24 20:00:01'),
(57, 4, 13, 77, 'Clear', 0, 1013, 0, 11.2, 30, 'NNE', '2022-09-24 21:00:00'),
(58, 1, 12.2, 83, NULL, 100, 1013.7, NULL, 2.2, 59, NULL, '2022-09-24 21:00:00'),
(59, 4, 13, 77, 'Clear', 0, 1013, 0, 11.2, 40, 'NE', '2022-09-24 22:00:00'),
(60, 1, 11.8, 84.8, NULL, 100, 1013.8, NULL, 2.2, 79, NULL, '2022-09-24 22:00:01'),
(61, 4, 12, 77, 'Clear', 0, 1013, 0, 13, 50, 'NE', '2022-09-24 23:00:00'),
(62, 1, 11.7, 84.8, NULL, 100, 1013.5, NULL, 2.3, 69, NULL, '2022-09-24 23:00:00'),
(63, 1, 11.5, 85.8, NULL, 100, 1013.2, NULL, 2.4, 66, NULL, '2022-09-25 00:00:00'),
(64, 4, 13, 72, 'Clear', 0, 1013, 0, 13, 70, 'ENE', '2022-09-25 00:00:01'),
(65, 1, 11.5, 86.8, NULL, 100, 1012.9, NULL, 2.4, 82, NULL, '2022-09-25 01:00:00'),
(66, 4, 12, 77, 'Clear', 0, 1013, 0, 11.2, 60, 'ENE', '2022-09-25 01:00:01'),
(67, 1, 11.2, 78.1, NULL, 99, 1012.9, NULL, 2.6, 97, NULL, '2022-09-25 02:00:00'),
(68, 4, 12, 82, 'Partly cloudy', 25, 1012, 0, 9, 60, 'ENE', '2022-09-25 02:00:00'),
(69, 1, 10.8, 79.8, NULL, 99, 1012.5, NULL, 2.7, 89, NULL, '2022-09-25 03:00:00'),
(70, 4, 11, 82, 'Clear', 0, 1012, 0, 6.1, 80, 'E', '2022-09-25 03:00:00'),
(71, 4, 11, 82, 'Clear', 0, 1012, 0, 3.6, 86, 'E', '2022-09-25 04:00:00'),
(72, 1, 10.5, 82, NULL, 98, 1012.3, NULL, 2, 102, NULL, '2022-09-25 04:00:00'),
(73, 1, 10.1, 85.3, NULL, 100, 1012.3, NULL, 1.3, 111, NULL, '2022-09-25 05:00:00'),
(74, 4, 11, 82, 'Sunny', 0, 1012, 0, 6.1, 70, 'ENE', '2022-09-25 05:00:00'),
(75, 4, 11, 82, 'Sunny', 0, 1012, 0, 6.8, 60, 'ENE', '2022-09-25 06:00:00'),
(76, 1, 10.5, 84.4, NULL, 99, 1012.4, NULL, 1.8, 109, NULL, '2022-09-25 06:00:00'),
(77, 4, 11, 87, 'Sunny', 0, 1012, 0, 6.1, 140, 'SE', '2022-09-25 07:00:00'),
(78, 1, 11.3, 81.4, NULL, 100, 1012.6, NULL, 1.5, 127, NULL, '2022-09-25 07:00:00'),
(79, 4, 12, 82, 'Sunny', 0, 1012, 0, 3.6, 248, 'WSW', '2022-09-25 08:00:00'),
(80, 1, 13, 80.5, NULL, 16, 1012.4, NULL, 1.9, 129, NULL, '2022-09-25 08:00:00'),
(81, 4, 14, 72, 'Sunny', 0, 1012, 0, 6.1, 100, 'E', '2022-09-25 09:00:00'),
(82, 1, 14.6, 76, NULL, 7, 1012.3, NULL, 1.8, 132, NULL, '2022-09-25 09:00:00'),
(83, 4, 16, 68, 'Sunny', 0, 1012, 0, 3.6, 263, 'W', '2022-09-25 10:00:00'),
(84, 1, 16.3, 71.5, NULL, 17, 1012.1, NULL, 1.6, 156, NULL, '2022-09-25 10:00:00'),
(85, 4, 16, 68, 'Sunny', 0, 1011, 0, 3.6, 273, 'W', '2022-09-25 11:00:00'),
(86, 1, 17.4, 67, NULL, 17, 1011.5, NULL, 1.6, 186, NULL, '2022-09-25 11:00:01'),
(87, 4, 18, 60, 'Sunny', 0, 1011, 0, 6.1, 290, 'WNW', '2022-09-25 12:00:00'),
(88, 1, 18.1, 61, NULL, 18, 1010.9, NULL, 1.7, 222, NULL, '2022-09-25 12:00:00'),
(89, 4, 18, 60, 'Sunny', 0, 1011, 0, 6.1, 250, 'WSW', '2022-09-25 13:00:00'),
(90, 1, 18.4, 57, NULL, 11, 1010.5, NULL, 1.9, 241, NULL, '2022-09-25 13:00:00'),
(91, 4, 19, 52, 'Partly cloudy', 25, 1010, 1, 6.8, 280, 'W', '2022-09-25 14:00:00'),
(92, 1, 17.5, 60.3, NULL, 47, 1010.3, NULL, 2.9, 276, NULL, '2022-09-25 14:00:00'),
(93, 1, 16.7, 65.7, NULL, 32, 1009.9, NULL, 2.3, 259, NULL, '2022-09-25 15:00:00'),
(94, 4, 19, 52, 'Sunny', 0, 1010, 2, 11.2, 280, 'W', '2022-09-25 15:00:04'),
(95, 4, 18, 56, 'Partly cloudy', 25, 1010, 2, 6.8, 270, 'W', '2022-09-25 16:00:00'),
(96, 1, 16.3, 68, NULL, 13, 1009.6, NULL, 1.7, 244, NULL, '2022-09-25 16:00:00'),
(97, 4, 17, 63, 'Partly cloudy', 25, 1009, 0, 11.2, 300, 'WNW', '2022-09-25 17:00:00'),
(98, 1, 13.1, 82.5, NULL, 13, 1009.6, NULL, 2.3, 237, NULL, '2022-09-25 17:00:00'),
(99, 1, 12.7, 83.8, NULL, 18, 1009.8, NULL, 1.9, 252, NULL, '2022-09-25 18:00:00'),
(100, 4, 16, 72, 'Partly cloudy', 50, 1009, 0, 11.2, 270, 'W', '2022-09-25 18:00:03'),
(101, 1, 12, 87, NULL, 11, 1009.8, NULL, 2.2, 273, NULL, '2022-09-25 19:00:00'),
(102, 4, 15, 77, 'Partly cloudy', 25, 1009, 0, 13, 280, 'W', '2022-09-25 19:00:04'),
(103, 1, 12, 91.2, NULL, 45, 1009.7, NULL, 2.7, 285, NULL, '2022-09-25 20:00:00'),
(104, 4, 15, 72, 'Clear', 0, 1009, 0, 13, 270, 'W', '2022-09-25 20:00:03'),
(105, 4, 14, 82, 'Clear', 0, 1009, 0, 9, 260, 'W', '2022-09-25 21:00:00'),
(106, 1, 11.4, 94.1, NULL, 34, 1009.2, NULL, 2.2, 270, NULL, '2022-09-25 21:00:00'),
(107, 4, 13, 88, 'Partly cloudy', 75, 1009, 0, 6.8, 260, 'W', '2022-09-25 22:00:01'),
(108, 1, 11, 95, NULL, 15, 1009, NULL, 2.6, 270, NULL, '2022-09-25 22:00:01'),
(109, 4, 13, 88, 'Partly cloudy', 75, 1008, 0, 11.2, 280, 'W', '2022-09-25 23:00:00'),
(110, 1, 10.4, 96.3, NULL, 11, 1008.7, NULL, 2.9, 281, NULL, '2022-09-25 23:00:00'),
(111, 1, 9.7, 96.3, NULL, 61, 1008.3, NULL, 2.5, 284, NULL, '2022-09-26 00:00:00'),
(112, 4, 12, 88, 'Partly cloudy', 75, 1008, 0, 13, 290, 'WNW', '2022-09-26 00:00:03'),
(113, 4, 12, 88, 'Clear', 0, 1008, 0, 13, 290, 'WNW', '2022-09-26 01:00:00'),
(114, 1, 9.4, 95.3, NULL, 100, 1007.7, NULL, 2.4, 279, NULL, '2022-09-26 01:00:00'),
(115, 4, 11, 87, 'Clear', 0, 1007, 0, 9, 270, 'W', '2022-09-26 02:00:00'),
(116, 1, 10.2, 91.8, NULL, 100, 1007.3, NULL, 2.2, 266, NULL, '2022-09-26 02:00:00'),
(117, 4, 11, 94, 'Clear', 0, 1007, 0, 6.8, 250, 'WSW', '2022-09-26 03:00:00'),
(118, 1, 10.1, 92.7, NULL, 100, 1006.9, NULL, 1.6, 238, NULL, '2022-09-26 03:00:00'),
(119, 1, 9.5, 94.8, NULL, 100, 1006.4, NULL, 1.5, 235, NULL, '2022-09-26 04:00:00'),
(120, 4, 11, 87, 'Clear', 0, 1006, 0, 9, 220, 'SW', '2022-09-26 04:00:02'),
(121, 1, 9.1, 95, NULL, 57, 1006, NULL, 2.1, 214, NULL, '2022-09-26 05:00:00'),
(122, 4, 11, 87, 'Sunny', 0, 1006, 0, 9, 230, 'SW', '2022-09-26 05:00:04'),
(123, 4, 11, 87, 'Sunny', 0, 1006, 0, 13, 220, 'SW', '2022-09-26 06:00:00'),
(124, 1, 9.8, 92.8, NULL, 73, 1006.1, NULL, 2.9, 220, NULL, '2022-09-26 06:00:00'),
(125, 4, 11, 87, 'Sunny', 0, 1006, 0, 11.2, 180, 'S', '2022-09-26 07:00:00'),
(126, 1, 11.3, 86.9, NULL, 20, 1005.9, NULL, 2.8, 215, NULL, '2022-09-26 07:00:00'),
(127, 4, 12, 88, 'Sunny', 0, 1005, 0, 15.1, 180, 'S', '2022-09-26 08:00:00'),
(128, 1, 12.9, 80.7, NULL, 81, 1005.5, NULL, 3.5, 202, NULL, '2022-09-26 08:00:00'),
(129, 1, 14.5, 68.8, NULL, 33, 1005.4, NULL, 4, 215, NULL, '2022-09-26 09:00:00'),
(130, 4, 14, 72, 'Partly cloudy', 25, 1005, 0, 19.1, 220, 'SW', '2022-09-26 09:00:03'),
(131, 1, 15.4, 58, NULL, 97, 1004.9, NULL, 4.6, 220, NULL, '2022-09-26 10:00:00'),
(132, 4, 15, 63, 'Partly cloudy', 50, 1005, 0, 19.1, 200, 'SSW', '2022-09-26 10:00:03'),
(133, 4, 16, 55, 'Partly cloudy', 25, 1004, 0, 19.1, 220, 'SW', '2022-09-26 11:00:00'),
(134, 1, 15.9, 52.9, NULL, 18, 1004.3, NULL, 4.9, 217, NULL, '2022-09-26 11:00:00'),
(135, 1, 17, 45.7, NULL, 56, 1003.5, NULL, 5.6, 215, NULL, '2022-09-26 12:00:00'),
(136, 4, 16, 55, 'Partly cloudy', 25, 1004, 0, 19.1, 210, 'SSW', '2022-09-26 12:00:03'),
(137, 1, 16.9, 44.7, NULL, 43, 1002.7, NULL, 6.4, 213, NULL, '2022-09-26 13:00:00'),
(138, 4, 16, 55, 'Partly cloudy', 50, 1003, 0, 28.1, 200, 'SSW', '2022-09-26 13:00:00'),
(139, 4, 16, 55, 'Sunny', 0, 1002, 0, 22, 200, 'SSW', '2022-09-26 14:00:00'),
(140, 1, 16.9, 44.7, NULL, 70, 1002.1, NULL, 6.2, 211, NULL, '2022-09-26 14:00:00'),
(141, 4, 16, 55, 'Sunny', 0, 1002, 0, 19.1, 200, 'SSW', '2022-09-26 15:00:00'),
(142, 1, 16.5, 46, NULL, 63, 1001.4, NULL, 5.5, 211, NULL, '2022-09-26 15:00:00'),
(143, 4, 16, 51, 'Sunny', 0, 1001, 0, 22, 200, 'SSW', '2022-09-26 16:00:00'),
(144, 1, 15.9, 49.2, NULL, 78, 1000.9, NULL, 4.4, 202, NULL, '2022-09-26 16:00:00'),
(145, 4, 15, 59, 'Clear', 0, 1001, 0, 15.1, 190, 'S', '2022-09-26 17:00:00'),
(146, 1, 14.2, 53.1, NULL, 98, 1000.6, NULL, 3.7, 187, NULL, '2022-09-26 17:00:00'),
(147, 1, 13, 57.4, NULL, 100, 1000.5, NULL, 3.8, 183, NULL, '2022-09-26 18:00:00'),
(148, 4, 13, 67, 'Clear', 0, 1000, 0, 15.1, 190, 'S', '2022-09-26 18:00:04'),
(149, 4, 13, 62, 'Clear', 0, 1000, 0, 16.9, 180, 'S', '2022-09-26 19:00:00'),
(150, 1, 12.7, 58.4, NULL, 100, 1000.4, NULL, 4.1, 185, NULL, '2022-09-26 19:00:00'),
(151, 1, 12.5, 61.2, NULL, 100, 999.6, NULL, 3.9, 187, NULL, '2022-09-26 20:00:00'),
(152, 4, 12, 67, 'Clear', 0, 1000, 0, 15.1, 180, 'S', '2022-09-26 20:00:03'),
(153, 3, 13.3, 66, 'Broken clouds', 89, 995.932, 0, 2.67123, 192, 'SSW', '2022-09-26 20:05:34'),
(154, 4, 12, 67, 'Clear', 0, 1000, 0, 15.1, 180, 'S', '2022-09-26 20:08:21'),
(155, 4, 12, 67, 'Clear', 0, 999, 0, 13, 170, 'S', '2022-09-26 21:00:00'),
(156, 3, 13.3, 72, 'Overcast clouds', 94, 995.34, 0, 2.42408, 180, 'S', '2022-09-26 21:00:00'),
(157, 1, 12.2, 63.5, NULL, 100, 999.3, NULL, 4.2, 183, NULL, '2022-09-26 21:00:01'),
(158, 1, 12.5, 63.9, NULL, 100, 998.8, NULL, 4.3, 188, NULL, '2022-09-26 22:00:00'),
(159, 3, 12.8, 75, 'Broken clouds', 89, 994.629, 0, 2.74912, 177, 'S', '2022-09-26 22:00:00'),
(160, 4, 12, 71, 'Clear', 0, 999, 0, 16.9, 180, 'S', '2022-09-26 22:00:04'),
(161, 1, 12.1, 66.7, NULL, 100, 998, NULL, 4.2, 177, NULL, '2022-09-26 23:00:00'),
(162, 3, 12.2, 74, 'Overcast clouds', 92, 993.836, 0, 2.78465, 179, 'S', '2022-09-26 23:00:00'),
(163, 4, 12, 71, 'Clear', 0, 998, 0, 16.9, 180, 'S', '2022-09-26 23:00:03'),
(164, 4, 12, 71, 'Clear', 0, 997, 0, 13, 160, 'SSE', '2022-09-27 00:00:00'),
(165, 1, 12, 66.6, NULL, 100, 997.1, NULL, 4.6, 169, NULL, '2022-09-27 00:00:00'),
(166, 3, 11.8, 76, 'Overcast clouds', 91, 993.347, 0, 3.02721, 178, 'S', '2022-09-27 00:00:00'),
(167, 4, 11, 76, 'Clear', 0, 997, 0, 13, 150, 'SSE', '2022-09-27 01:00:00'),
(168, 1, 11.9, 66.8, NULL, 100, 996.3, NULL, 4.8, 168, NULL, '2022-09-27 01:00:00'),
(169, 3, 12.2, 77, 'Broken clouds', 83, 992.687, 0, 3.03735, 166, 'SSE', '2022-09-27 01:00:00'),
(170, 4, 12, 71, 'Clear', 0, 996, 0, 19.1, 160, 'SSE', '2022-09-27 02:00:00'),
(171, 1, 11.8, 71.5, NULL, 100, 995.6, NULL, 5, 164, NULL, '2022-09-27 02:00:00'),
(172, 3, 12.2, 80, 'Broken clouds', 84, 991.755, 0, 3.1286, 157, 'SSE', '2022-09-27 02:00:00'),
(173, 4, 12, 71, 'Partly cloudy', 75, 995, 0, 15.1, 160, 'SSE', '2022-09-27 03:00:00'),
(174, 1, 12, 71.3, NULL, 100, 994.8, NULL, 5, 168, NULL, '2022-09-27 03:00:00'),
(175, 3, 12.2, 81, 'Broken clouds', 85, 990.939, 0, 3.33026, 156, 'SSE', '2022-09-27 03:00:00'),
(176, 4, 12, 71, 'Partly cloudy', 25, 994, 0, 16.9, 160, 'SSE', '2022-09-27 04:00:00'),
(177, 1, 12, 71.4, NULL, 100, 994.3, NULL, 5, 169, NULL, '2022-09-27 04:00:00'),
(178, 3, 12.2, 80, 'Light rain', 86, 990.377, 1, 3.53495, 165, 'SSE', '2022-09-27 04:00:01'),
(179, 4, 12, 77, 'Partly cloudy', 75, 994, 0, 16.9, 180, 'S', '2022-09-27 05:00:00'),
(180, 1, 11.8, 74, NULL, 100, 993.8, NULL, 4.8, 174, NULL, '2022-09-27 05:00:00'),
(181, 3, 11.7, 83, 'Light rain', 85, 989.694, 2, 3.32136, 167, 'SSE', '2022-09-27 05:00:00'),
(182, 4, 11, 82, 'Light rain', 75, 994, 0, 16.9, 180, 'S', '2022-09-27 06:00:00'),
(183, 1, 11.6, 78.8, NULL, 100, 993.9, NULL, 4.8, 167, NULL, '2022-09-27 06:00:00'),
(184, 3, 11.1, 83, 'Drizzle', 92, 989.83, 1, 3.34636, 163, 'SSE', '2022-09-27 06:00:00'),
(185, 4, 11, 87, 'Light rain', 25, 994, 0, 16.9, 170, 'S', '2022-09-27 07:00:00'),
(186, 3, 11.1, 84, 'Light rain', 88, 989.861, 1, 3.5317, 166, 'SSE', '2022-09-27 07:00:00'),
(187, 1, 11.6, 82.1, NULL, 100, 993.8, NULL, 4.9, 170, NULL, '2022-09-27 07:00:00'),
(188, 1, 11.3, 90.1, NULL, 100, 994.1, NULL, 4, 179, NULL, '2022-09-27 08:00:00'),
(189, 3, 11.1, 86, 'Broken clouds', 89, 989.701, 0, 3.64298, 175, 'S', '2022-09-27 08:00:00'),
(190, 4, 11, 94, 'Light rain', 25, 994, 0, 19.1, 170, 'S', '2022-09-27 08:00:03'),
(191, 4, 11, 94, 'Light rain', 100, 994, 0, 19.1, 170, 'S', '2022-09-27 09:00:00'),
(192, 1, 12.5, 84.9, NULL, 100, 994, NULL, 3.9, 183, NULL, '2022-09-27 09:00:00'),
(193, 3, 11.1, 82, 'Light rain', 92, 989.747, 1, 3.80892, 198, 'SSW', '2022-09-27 09:00:00'),
(194, 4, 12, 88, 'Partly cloudy', 75, 994, 0, 16.9, 180, 'S', '2022-09-27 10:00:00'),
(195, 1, 12.3, 84.3, NULL, 100, 994, NULL, 4.2, 194, NULL, '2022-09-27 10:00:00'),
(196, 3, 11.1, 82, 'Overcast clouds', 91, 989.496, 0, 3.41971, 201, 'SSW', '2022-09-27 10:00:00'),
(197, 4, 12, 94, 'Light rain', 50, 994, 0, 19.1, 190, 'S', '2022-09-27 11:00:00'),
(198, 1, 11.6, 87.9, NULL, 100, 993.9, NULL, 3.5, 200, NULL, '2022-09-27 11:00:00'),
(199, 3, 11.7, 87, 'Light rain', 89, 990.122, 2, 3.50099, 225, 'SW', '2022-09-27 11:00:00'),
(200, 4, 13, 82, 'Moderate rain', 75, 994, 0, 15.1, 200, 'SSW', '2022-09-27 12:00:00'),
(201, 1, 11.8, 88.9, NULL, 100, 994.1, NULL, 3.1, 195, NULL, '2022-09-27 12:00:00'),
(202, 3, 12.2, 84, 'Broken clouds', 84, 990.349, 0, 3.21713, 259, 'W', '2022-09-27 12:00:00'),
(203, 4, 11, 94, 'Moderate rain', 50, 994, 1, 20.2, 260, 'W', '2022-09-27 13:00:00'),
(204, 1, 11, 85.9, NULL, 98, 994.2, NULL, 5.6, 252, NULL, '2022-09-27 13:00:00'),
(205, 3, 10.6, 77, 'Drizzle', 91, 990.693, 1, 3.42737, 255, 'WSW', '2022-09-27 13:00:00'),
(206, 4, 12, 82, 'Overcast', 50, 994, 0, 20.2, 250, 'WSW', '2022-09-27 14:00:00'),
(207, 1, 11.3, 82.7, NULL, 93, 995.1, NULL, 5, 250, NULL, '2022-09-27 14:00:00'),
(208, 3, 11.7, 74, 'Moderate rain', 100, 991.102, 6, 3.75391, 251, 'WSW', '2022-09-27 14:00:00'),
(209, 4, 12, 88, 'Light rain', 50, 995, 0, 19.1, 240, 'WSW', '2022-09-27 15:00:00'),
(210, 1, 11.9, 82.7, NULL, 90, 995.2, NULL, 4.7, 254, NULL, '2022-09-27 15:00:00'),
(211, 3, 11.7, 73, 'Broken clouds', 83, 991.471, 0, 3.45326, 257, 'WSW', '2022-09-27 15:00:00'),
(212, 1, 10.9, 81.7, NULL, 98, 996, NULL, 4.1, 273, NULL, '2022-09-27 16:00:00'),
(213, 3, 11.7, 79, 'Clear sky', 0, 991.887, 0, 3.51619, 240, 'WSW', '2022-09-27 16:00:00'),
(214, 4, 12, 82, 'Partly cloudy', 75, 995, 1, 22, 240, 'WSW', '2022-09-27 16:00:03'),
(215, 4, 11, 87, 'Clear', 0, 996, 0, 16.9, 240, 'WSW', '2022-09-27 17:00:00'),
(216, 1, 10.5, 86.1, NULL, 44, 996.1, NULL, 2.5, 246, NULL, '2022-09-27 17:00:00'),
(217, 3, 11.1, 85, 'Broken clouds', 89, 992.145, 0, 2.96984, 241, 'WSW', '2022-09-27 17:00:00'),
(218, 1, 9.5, 91.6, NULL, 100, 996.7, NULL, 2.6, 222, NULL, '2022-09-27 18:00:00'),
(219, 3, 10.6, 84, 'Broken clouds', 88, 992.444, 0, 3.08322, 233, 'SW', '2022-09-27 18:00:00'),
(220, 4, 11, 87, 'Partly cloudy', 25, 996, 0, 15.1, 220, 'SW', '2022-09-27 18:00:03'),
(221, 4, 11, 82, 'Partly cloudy', 25, 997, 1, 15.1, 220, 'SW', '2022-09-27 19:00:00'),
(222, 1, 9.1, 89.9, NULL, 22, 997, NULL, 2.9, 230, NULL, '2022-09-27 19:00:00'),
(223, 3, 10, 84, 'Broken clouds', 84, 992.571, 0, 3.0118, 233, 'SW', '2022-09-27 19:00:00'),
(224, 4, 9, 87, 'Partly cloudy', 25, 997, 0, 15.1, 240, 'WSW', '2022-09-27 20:00:00'),
(225, 1, 8.5, 88.5, NULL, 49, 997.2, NULL, 3.2, 233, NULL, '2022-09-27 20:00:00'),
(226, 3, 10, 84, 'Scattered clouds', 48, 992.627, 0, 2.5652, 232, 'SW', '2022-09-27 20:00:00'),
(227, 4, 8, 87, 'Clear', 0, 997, 0, 15.1, 240, 'WSW', '2022-09-27 21:00:00'),
(228, 1, 7.8, 86.1, NULL, 4, 997.4, NULL, 3.2, 240, NULL, '2022-09-27 21:00:00'),
(229, 3, 9.4, 87, 'Scattered clouds', 44, 992.749, 0, 2.2398, 225, 'SW', '2022-09-27 21:00:00'),
(230, 4, 9, 87, 'Partly cloudy', 75, 997, 0, 13, 210, 'SSW', '2022-09-27 22:00:00'),
(231, 1, 6.6, 88.3, NULL, 12, 997.6, NULL, 2, 240, NULL, '2022-09-27 22:00:00'),
(232, 3, 9.4, 91, 'Scattered clouds', 49, 993.058, 0, 2.10241, 222, 'SW', '2022-09-27 22:00:00'),
(233, 4, 7, 93, 'Partly cloudy', 25, 997, 0, 9, 200, 'SSW', '2022-09-27 23:00:00'),
(234, 1, 6.9, 88.7, NULL, 25, 997.7, NULL, 2.1, 217, NULL, '2022-09-27 23:00:00'),
(235, 3, 9.4, 90, 'Scattered clouds', 45, 993.801, 0, 1.78433, 227, 'SW', '2022-09-27 23:00:00'),
(236, 1, 6.5, 91.4, NULL, 94, 997.5, NULL, 2.2, 208, NULL, '2022-09-28 00:00:00'),
(237, 3, 8.9, 89, 'Scattered clouds', 56, 993.898, 0, 1.98298, 212, 'SSW', '2022-09-28 00:00:00'),
(238, 4, 7, 93, 'Partly cloudy', 25, 997, 0, 9, 190, 'S', '2022-09-28 00:00:03'),
(239, 4, 8, 87, 'Partly cloudy', 75, 997, 0, 11.2, 180, 'S', '2022-09-28 01:00:00'),
(240, 1, 7.6, 86.8, NULL, 100, 997.2, NULL, 2.4, 203, NULL, '2022-09-28 01:00:00'),
(241, 3, 8.9, 87, 'Scattered clouds', 58, 993.714, 0, 2.13769, 217, 'SW', '2022-09-28 01:00:00'),
(242, 1, 7.3, 91.6, NULL, 100, 997.5, NULL, 2.7, 203, NULL, '2022-09-28 02:00:00'),
(243, 3, 8.3, 89, 'Broken clouds', 80, 992.976, 0, 1.91092, 205, 'SSW', '2022-09-28 02:00:00'),
(244, 4, 8, 93, 'Clear', 0, 997, 0, 11.2, 190, 'S', '2022-09-28 02:00:03'),
(245, 4, 8, 93, 'Partly cloudy', 50, 997, 0, 9, 190, 'S', '2022-09-28 03:00:00'),
(246, 1, 7.5, 90.9, NULL, 98, 997.1, NULL, 2.7, 200, NULL, '2022-09-28 03:00:00'),
(247, 3, 8.9, 90, 'Broken clouds', 79, 992.584, 0, 1.89114, 203, 'SSW', '2022-09-28 03:00:00'),
(248, 4, 8, 93, 'Partly cloudy', 75, 996, 0, 9, 190, 'S', '2022-09-28 04:00:00'),
(249, 1, 7, 93.2, NULL, 13, 996.8, NULL, 2.2, 196, NULL, '2022-09-28 04:00:00'),
(250, 3, 8.3, 92, 'Clear sky', 0, 992.243, 0, 1.31142, 193, 'SSW', '2022-09-28 04:00:00'),
(251, 4, 7, 93, 'Partly cloudy', 75, 996, 0, 9, 180, 'S', '2022-09-28 05:00:00'),
(252, 1, 5.2, 96.9, NULL, 7, 996.5, NULL, 1.9, 185, NULL, '2022-09-28 05:00:00'),
(253, 3, 7.8, 92, 'Scattered clouds', 42, 991.692, 0, 1.49923, 196, 'SSW', '2022-09-28 05:00:00'),
(254, 1, 6.1, 94.6, NULL, 3, 996.6, NULL, 2.5, 179, NULL, '2022-09-28 06:00:00'),
(255, 3, 7.8, 91, 'Broken clouds', 79, 991.96, 0, 1.60787, 185, 'S', '2022-09-28 06:00:00'),
(256, 4, 8, 93, 'Overcast', 100, 996, 0, 11.2, 210, 'SSW', '2022-09-28 06:00:04'),
(257, 4, 8, 93, 'Partly cloudy', 50, 996, 0, 13, 190, 'S', '2022-09-28 07:00:00'),
(258, 1, 7.7, 89.7, NULL, 13, 996.5, NULL, 2, 170, NULL, '2022-09-28 07:00:00'),
(259, 3, 8.3, 89, 'Broken clouds', 85, 991.501, 0, 1.38463, 188, 'S', '2022-09-28 07:00:00'),
(260, 1, 9.8, 87, NULL, 73, 996.4, NULL, 2.6, 201, NULL, '2022-09-28 08:00:00'),
(261, 3, 8.9, 81, 'Overcast clouds', 94, 991.839, 0, 1.83779, 191, 'S', '2022-09-28 08:00:00'),
(262, 4, 9, 87, 'Sunny', 0, 995, 0, 9, 200, 'SSW', '2022-09-28 08:00:03'),
(263, 4, 10, 82, 'Partly cloudy', 25, 996, 0, 11.2, 180, 'S', '2022-09-28 09:00:00'),
(264, 1, 11, 79.7, NULL, 100, 996.3, NULL, 2.4, 202, NULL, '2022-09-28 09:00:00'),
(265, 3, 10, 76, 'Overcast clouds', 91, 991.852, 0, 1.55535, 180, 'S', '2022-09-28 09:00:00'),
(266, 4, 11, 76, 'Moderate rain', 0, 996, 0, 6.8, 180, 'S', '2022-09-28 10:00:00'),
(267, 1, 11.8, 73.1, NULL, 100, 996.2, NULL, 1.9, 195, NULL, '2022-09-28 10:00:00'),
(268, 3, 10.6, 70, 'Scattered clouds', 50, 991.789, 0, 1.48919, 172, 'S', '2022-09-28 10:00:00'),
(269, 4, 11, 76, 'Moderate rain', 75, 996, 0, 15.1, 180, 'S', '2022-09-28 11:00:00'),
(270, 1, 12, 68.3, NULL, 100, 996, NULL, 2, 192, NULL, '2022-09-28 11:00:00'),
(271, 3, 11.7, 66, 'Broken clouds', 80, 991.372, 0, 2.07822, 204, 'SSW', '2022-09-28 11:00:00'),
(272, 1, 12, 66.3, NULL, 100, 995.9, NULL, 1.6, 189, NULL, '2022-09-28 12:00:00'),
(273, 3, 13.3, 67, 'Broken clouds', 85, 991.532, 0, 2.49674, 214, 'SW', '2022-09-28 12:00:00'),
(274, 4, 10, 82, 'Moderate rain', 75, 996, 0, 16.9, 230, 'SW', '2022-09-28 12:00:03'),
(275, 4, 10, 82, 'Light rain', 75, 996, 1, 11.2, 240, 'WSW', '2022-09-28 13:00:00'),
(276, 1, 10.9, 73.1, NULL, 100, 996.3, NULL, 2.4, 203, NULL, '2022-09-28 13:00:00'),
(277, 3, 12.2, 74, 'Broken clouds', 87, 991.706, 0, 2.715, 220, 'SW', '2022-09-28 13:00:00'),
(278, 4, 10, 82, 'Light rain', 75, 996, 1, 11.2, 240, 'WSW', '2022-09-28 14:00:00'),
(279, 1, 11.1, 73.3, NULL, 100, 996.5, NULL, 1.5, 262, NULL, '2022-09-28 14:00:00'),
(280, 3, 11.7, 80, 'Light rain', 100, 991.87, 1, 2.39882, 236, 'SW', '2022-09-28 14:00:00'),
(281, 4, 10, 76, 'Partly cloudy', 25, 997, 1, 9, 240, 'WSW', '2022-09-28 16:00:00'),
(282, 1, 10.5, 78.1, NULL, 95, 997, NULL, 0.8, 243, NULL, '2022-09-28 16:00:00'),
(283, 3, 11.1, 82, 'Broken clouds', 81, 992.621, 0, 2.11068, 261, 'W', '2022-09-28 16:00:00'),
(284, 4, 9, 87, 'Moderate rain', 25, 997, 0, 15.1, 230, 'SW', '2022-09-28 17:00:00'),
(285, 1, 9.6, 79.8, NULL, 99, 997.7, NULL, 2.4, 238, NULL, '2022-09-28 17:00:00'),
(286, 3, 11.1, 85, 'Broken clouds', 86, 992.999, 0, 2.0682, 260, 'W', '2022-09-28 17:00:01'),
(287, 1, 8.9, 87.8, NULL, 96, 998.3, NULL, 1.7, 263, NULL, '2022-09-28 18:00:00'),
(288, 3, 10.6, 88, 'Broken clouds', 90, 993.491, 0, 2.04782, 253, 'WSW', '2022-09-28 18:00:00'),
(289, 4, 9, 87, 'Partly cloudy', 50, 997, 1, 13, 240, 'WSW', '2022-09-28 18:00:04'),
(290, 4, 8, 93, 'Partly cloudy', 25, 998, 1, 13, 250, 'WSW', '2022-09-28 19:00:00'),
(291, 1, 8.5, 92.8, NULL, 44, 998.7, NULL, 1.3, 257, NULL, '2022-09-28 19:00:00'),
(292, 3, 10, 89, 'Broken clouds', 89, 993.788, 0, 2.14947, 245, 'WSW', '2022-09-28 19:00:00'),
(293, 1, 7.4, 94.3, NULL, 90, 999.1, NULL, 1.8, 245, NULL, '2022-09-28 20:00:01'),
(294, 4, 9, 87, 'Clear', 0, 998, 0, 11.2, 230, 'SW', '2022-09-28 20:00:01'),
(295, 3, 9.4, 90, 'Broken clouds', 80, 993.959, 0, 1.97257, 256, 'WSW', '2022-09-28 20:00:01'),
(296, 4, 8, 93, 'Clear', 0, 999, 0, 11.2, 220, 'SW', '2022-09-28 21:00:00'),
(297, 1, 6.9, 94.9, NULL, 34, 999.5, NULL, 1.7, 243, NULL, '2022-09-28 21:00:00'),
(298, 3, 9.4, 91, 'Broken clouds', 71, 994.556, 0, 1.88185, 254, 'WSW', '2022-09-28 21:00:00'),
(299, 3, 9.4, 91, 'Scattered clouds', 54, 994.868, 0, 1.82379, 249, 'WSW', '2022-09-28 22:00:01'),
(300, 1, 5.2, 96.9, NULL, 0, 1000.2, NULL, 1.9, 241, NULL, '2022-09-28 23:00:00'),
(301, 3, 9.4, 91, 'Scattered clouds', 58, 995.791, 0, 1.41967, 257, 'WSW', '2022-09-28 23:00:00'),
(302, 4, 8, 93, 'Partly cloudy', 75, 999, 0, 6.8, 270, 'W', '2022-09-28 23:00:02'),
(303, 4, 6, 100, 'Mist', 0, 1000, 0, 9, 230, 'SW', '2022-09-29 00:00:00'),
(304, 1, 4.7, 98.1, NULL, 0, 1000.2, NULL, 1.9, 236, NULL, '2022-09-29 00:00:00'),
(305, 3, 8.9, 93, 'Few clouds', 36, 996.374, 0, 1.34282, 247, 'WSW', '2022-09-29 01:00:00'),
(306, 4, 7, 93, 'Mist', 0, 1000, 0, 11.2, 220, 'SW', '2022-09-29 01:00:01'),
(307, 1, 4.5, 98.6, NULL, 3, 1000.4, NULL, 1.9, 234, NULL, '2022-09-29 01:00:01'),
(308, 4, 5, 100, 'Fog', 0, 1000, 0, 6.8, 190, 'S', '2022-09-29 02:00:00'),
(309, 1, 4.6, 98.8, NULL, 0, 1000.7, NULL, 2, 226, NULL, '2022-09-29 02:00:00'),
(310, 3, 8.3, 94, 'Scattered clouds', 42, 996.22, 0, 1.01753, 245, 'WSW', '2022-09-29 02:00:00'),
(311, 4, 5, 100, 'Fog', 25, 1000, 0, 6.1, 200, 'SSW', '2022-09-29 03:00:00'),
(312, 1, 4.7, 98.9, NULL, 5, 1000.9, NULL, 2, 231, NULL, '2022-09-29 03:00:00'),
(313, 3, 8.3, 96, 'Scattered clouds', 53, 996.387, 0, 1.0719, 225, 'SW', '2022-09-29 03:00:00'),
(314, 1, 3.9, 99.4, NULL, 13, 1001.3, NULL, 2.2, 235, NULL, '2022-09-29 04:00:00'),
(315, 4, 6, 93, 'Mist', 25, 1000, 0, 6.1, 230, 'SW', '2022-09-29 04:00:04'),
(316, 4, 6, 100, 'Fog', 0, 1001, 0, 6.8, 190, 'S', '2022-09-29 05:00:00'),
(317, 3, 8.3, 97, 'Broken clouds', 80, 996.785, 0, 1.01532, 201, 'SSW', '2022-09-29 05:00:00'),
(318, 1, 3.8, 99.6, NULL, 34, 1001.5, NULL, 1.9, 220, NULL, '2022-09-29 05:00:00'),
(319, 1, 5.4, 98.8, NULL, 31, 1001.9, NULL, 2.1, 217, NULL, '2022-09-29 06:00:00'),
(320, 3, 8.3, 96, 'Broken clouds', 80, 996.978, 0, 1.0202, 196, 'SSW', '2022-09-29 06:00:00'),
(321, 4, 6, 100, 'Sunny', 0, 1001, 0, 6.1, 200, 'SSW', '2022-09-29 06:00:04'),
(322, 4, 7, 93, 'Partly cloudy', 25, 1001, 0, 11.2, 200, 'SSW', '2022-09-29 07:00:00'),
(323, 1, 7.2, 94.2, NULL, 57, 1002.2, NULL, 2, 230, NULL, '2022-09-29 07:00:00'),
(324, 3, 8.9, 90, 'Broken clouds', 80, 997.448, 0, 1.11442, 198, 'SSW', '2022-09-29 07:00:00'),
(325, 4, 8, 93, 'Mist', 75, 1002, 0, 9, 210, 'SSW', '2022-09-29 08:00:00'),
(326, 1, 9.5, 85.6, NULL, 65, 1002.4, NULL, 2.4, 230, NULL, '2022-09-29 08:00:00'),
(327, 3, 8.9, 84, 'Broken clouds', 79, 998.367, 0, 1.02772, 204, 'SSW', '2022-09-29 08:00:00'),
(328, 3, 9.4, 77, 'Broken clouds', 79, 998.997, 0, 1.38801, 208, 'SSW', '2022-09-29 09:00:00'),
(329, 1, 11.2, 77.5, NULL, 43, 1002.7, NULL, 2.3, 243, NULL, '2022-09-29 09:00:01'),
(330, 4, 9, 87, 'Mist', 75, 1002, 0, 6.8, 240, 'WSW', '2022-09-29 09:00:03'),
(331, 4, 10, 87, 'Partly cloudy', 50, 1003, 0, 6.8, 220, 'SW', '2022-09-29 10:00:00'),
(332, 1, 12.4, 69.6, NULL, 52, 1003, NULL, 2.1, 228, NULL, '2022-09-29 10:00:00'),
(333, 3, 10.6, 67, 'Scattered clouds', 57, 999.287, 0, 1.73563, 207, 'SSW', '2022-09-29 10:00:00'),
(334, 1, 13.1, 62.9, NULL, 41, 1003.4, NULL, 2.1, 226, NULL, '2022-09-29 11:00:00'),
(335, 3, 12.2, 59, 'Few clouds', 40, 998.941, 0, 1.92075, 214, 'SW', '2022-09-29 11:00:00'),
(336, 4, 11, 82, 'Partly cloudy', 50, 1003, 0, 9, 190, 'S', '2022-09-29 11:00:00'),
(337, 4, 12, 77, 'Partly cloudy', 25, 1003, 0, 6.8, 190, 'S', '2022-09-29 12:00:00'),
(338, 1, 13.8, 58.2, NULL, 52, 1003.4, NULL, 2, 225, NULL, '2022-09-29 12:00:00'),
(339, 3, 12.8, 57, 'Scattered clouds', 52, 998.831, 0, 1.58862, 220, 'SW', '2022-09-29 12:00:00'),
(340, 4, 14, 63, 'Partly cloudy', 25, 1003, 0, 6.1, 120, 'ESE', '2022-09-29 13:00:00'),
(341, 1, 14.2, 54.3, NULL, 94, 1003.4, NULL, 1.7, 238, NULL, '2022-09-29 13:00:00'),
(342, 3, 12.8, 53, 'Scattered clouds', 59, 998.937, 0, 1.70899, 216, 'SW', '2022-09-29 13:00:00'),
(343, 4, 14, 59, 'Partly cloudy', 25, 1003, 0, 3.6, 231, 'SW', '2022-09-29 14:00:00'),
(344, 1, 13.6, 57.3, NULL, 95, 1003.9, NULL, 2, 217, NULL, '2022-09-29 14:00:00'),
(345, 3, 13.3, 53, 'Broken clouds', 80, 999.261, 0, 1.64905, 201, 'SSW', '2022-09-29 14:00:00'),
(346, 4, 13, 67, 'Sunny', 0, 1004, 0, 9, 160, 'SSE', '2022-09-29 15:00:00'),
(347, 1, 13.3, 58.4, NULL, 77, 1004.1, NULL, 1.8, 213, NULL, '2022-09-29 15:00:00'),
(348, 3, 13.3, 54, 'Scattered clouds', 56, 999.582, 0, 1.69742, 198, 'SSW', '2022-09-29 15:00:00'),
(349, 1, 12.5, 71, NULL, 98, 1004.5, NULL, 1, 174, NULL, '2022-09-29 16:00:00'),
(350, 3, 13.3, 61, 'Scattered clouds', 53, 1000.15, 0, 1.69566, 193, 'SSW', '2022-09-29 16:00:00'),
(351, 4, 12, 67, 'Sunny', 0, 1004, 0, 6.1, 130, 'SE', '2022-09-29 16:00:05'),
(352, 4, 12, 71, 'Clear', 0, 1005, 0, 9, 140, 'SE', '2022-09-29 17:00:00'),
(353, 3, 12.8, 66, 'Clear sky', 0, 1000.66, 0, 1.13029, 163, 'SSE', '2022-09-29 17:00:00'),
(354, 1, 10, 76.6, NULL, 87, 1005, NULL, 2, 148, NULL, '2022-09-29 17:00:01'),
(355, 4, 10, 76, 'Clear', 0, 1005, 0, 11.2, 140, 'SE', '2022-09-29 18:00:00'),
(356, 3, 11.7, 76, 'Clear sky', 0, 1001.24, 0, 1.28659, 148, 'SSE', '2022-09-29 18:00:00'),
(357, 1, 8.7, 80.6, NULL, 49, 1005.8, NULL, 2.1, 150, NULL, '2022-09-29 18:00:00'),
(358, 4, 10, 82, 'Clear', 0, 1006, 0, 6.1, 150, 'SSE', '2022-09-29 19:00:00'),
(359, 1, 7.6, 83.6, NULL, 45, 1006.1, NULL, 2.4, 148, NULL, '2022-09-29 19:00:00'),
(360, 3, 11.1, 82, 'Clear sky', 0, 1001.74, 0, 1.29296, 150, 'SSE', '2022-09-29 19:00:02'),
(361, 4, 7, 93, 'Clear', 0, 1006, 0, 6.8, 130, 'SE', '2022-09-29 20:00:00'),
(362, 1, 7.6, 78.2, NULL, 48, 1006.6, NULL, 2.3, 159, NULL, '2022-09-29 20:00:00'),
(363, 3, 10.6, 83, 'Scattered clouds', 47, 1001.87, 0, 1.159, 150, 'SSE', '2022-09-29 20:00:00'),
(364, 1, 6.8, 82.3, NULL, 98, 1007.2, NULL, 2.2, 159, NULL, '2022-09-29 21:00:00'),
(365, 3, 9.4, 85, 'Few clouds', 40, 1002.5, 0, 1.13954, 144, 'SE', '2022-09-29 21:00:00'),
(366, 4, 6, 100, 'Mist', 0, 1007, 0, 6.1, 130, 'SE', '2022-09-29 21:00:05'),
(367, 4, 6, 93, 'Clear', 0, 1007, 0, 6.8, 120, 'ESE', '2022-09-29 22:00:00'),
(368, 1, 6.3, 84.6, NULL, 98, 1007.8, NULL, 2, 165, NULL, '2022-09-29 22:00:00'),
(369, 3, 8.9, 87, 'Scattered clouds', 46, 1003.17, 0, 1.02482, 134, 'SE', '2022-09-29 22:00:00'),
(370, 4, 5, 100, 'Clear', 0, 1008, 0, 3.6, 175, 'S', '2022-09-29 23:00:00'),
(371, 1, 5.6, 88.5, NULL, 82, 1008, NULL, 2.1, 163, NULL, '2022-09-29 23:00:00'),
(372, 3, 8.3, 89, 'Overcast clouds', 98, 1003.97, 0, 1.2135, 137, 'SE', '2022-09-29 23:00:00'),
(373, 1, 5.3, 89.6, NULL, 18, 1008.4, NULL, 1.9, 147, NULL, '2022-09-30 00:00:00'),
(374, 4, 5, 93, 'Mist', 0, 1008, 0, 3.6, 172, 'S', '2022-09-30 00:00:04'),
(375, 4, 5, 100, 'Fog', 0, 1008, 0, 4, 90, 'E', '2022-09-30 01:00:00'),
(376, 1, 4.6, 92.1, NULL, 4, 1008.5, NULL, 2.1, 151, NULL, '2022-09-30 01:00:00'),
(377, 3, 6.6, 92, 'Few clouds', 40, 1004.29, 0, 1.20189, 131, 'SE', '2022-09-30 01:00:00'),
(378, 1, 4, 94.8, NULL, 1, 1008.7, NULL, 2.3, 151, NULL, '2022-09-30 02:00:00'),
(379, 3, 6.2, 93, 'Few clouds', 40, 1004.17, 0, 1.21248, 137, 'SE', '2022-09-30 02:00:01'),
(380, 4, 4, 100, 'Fog', 0, 1008, 0, 6.1, 100, 'E', '2022-09-30 02:00:04'),
(381, 1, 4, 95.4, NULL, 2, 1008.9, NULL, 1.8, 148, NULL, '2022-09-30 03:00:01'),
(382, 3, 7.2, 94, 'Clear sky', 0, 1004.68, 0, 1.35534, 131, 'SE', '2022-09-30 03:00:01'),
(383, 4, 4, 100, 'Fog', 0, 1008, 0, 6.8, 70, 'ENE', '2022-09-30 03:00:03'),
(384, 4, 4, 93, 'Fog', 0, 1009, 0, 6.8, 100, 'E', '2022-09-30 04:00:00'),
(385, 1, 3.9, 96, NULL, 1, 1009.3, NULL, 1.9, 146, NULL, '2022-09-30 04:00:00'),
(386, 4, 3, 100, 'Fog', 0, 1009, 0, 3.6, 139, 'SE', '2022-09-30 05:00:00'),
(387, 1, 3.3, 96.9, NULL, 4, 1009.8, NULL, 2.3, 148, NULL, '2022-09-30 05:00:00'),
(388, 3, 6.7, 95, 'Few clouds', 40, 1005.33, 0, 1.20227, 140, 'SE', '2022-09-30 05:00:00'),
(389, 4, 4, 100, 'Fog', 0, 1010, 0, 4, 50, 'NE', '2022-09-30 06:00:00'),
(390, 1, 5.2, 93.9, NULL, 0, 1010.4, NULL, 1.9, 154, NULL, '2022-09-30 06:00:00'),
(391, 3, 6.7, 94, 'Few clouds', 40, 1005.8, 0, 1.12209, 133, 'SE', '2022-09-30 06:00:00'),
(392, 1, 7.8, 85, NULL, 0, 1010.9, NULL, 1.9, 156, NULL, '2022-09-30 07:00:02'),
(393, 3, 6.7, 87, 'Clear sky', 0, 1006.14, 0, 1.19373, 142, 'SE', '2022-09-30 07:00:02'),
(394, 4, 5, 100, 'Sunny', 0, 1010, 0, 6.1, 110, 'ESE', '2022-09-30 07:00:05'),
(395, 4, 8, 87, 'Sunny', 0, 1011, 0, 6.1, 130, 'SE', '2022-09-30 08:00:00'),
(396, 1, 10.5, 78.8, NULL, 0, 1011.5, NULL, 1.5, 151, NULL, '2022-09-30 08:00:00'),
(397, 3, 8.3, 78, 'Clear sky', 5, 1006.93, 0, 1.04628, 149, 'SSE', '2022-09-30 08:00:00'),
(398, 1, 12.9, 68.7, NULL, 0, 1011.7, NULL, 1.8, 156, NULL, '2022-09-30 09:00:00'),
(399, 3, 11.1, 70, 'Clear sky', 0, 1007.78, 0, 1.05808, 156, 'SSE', '2022-09-30 09:00:00'),
(400, 4, 11, 82, 'Sunny', 0, 1011, 0, 3.6, 166, 'SSE', '2022-09-30 09:00:03'),
(401, 4, 14, 72, 'Sunny', 0, 1012, 0, 6.1, 180, 'S', '2022-09-30 10:00:00'),
(402, 1, 14.5, 61.7, NULL, 0, 1011.8, NULL, 2.4, 161, NULL, '2022-09-30 10:00:00'),
(403, 3, 12.8, 63, 'Clear sky', 0, 1007.83, 0, 1.59364, 177, 'S', '2022-09-30 10:00:00'),
(404, 1, 15.4, 55.5, NULL, 29, 1011.6, NULL, 2.7, 176, NULL, '2022-09-30 11:00:02'),
(405, 4, 15, 63, 'Sunny', 0, 1011, 0, 6.8, 180, 'S', '2022-09-30 11:00:02'),
(406, 3, 16.7, 56, 'Few clouds', 34, 1007.39, 0, 2.24642, 180, 'S', '2022-09-30 11:00:02'),
(407, 4, 16, 59, 'Partly cloudy', 25, 1011, 0, 11.2, 190, 'S', '2022-09-30 12:00:00'),
(408, 1, 15.9, 51.4, NULL, 19, 1011.5, NULL, 2.6, 184, NULL, '2022-09-30 12:00:00'),
(409, 3, 17.2, 50, 'Clear sky', 0, 1007.07, 0, 2.47209, 190, 'S', '2022-09-30 12:00:00'),
(410, 4, 16, 51, 'Partly cloudy', 25, 1011, 0, 13, 190, 'S', '2022-09-30 13:00:00'),
(411, 3, 17.8, 45, 'Broken clouds', 89, 1006.8, 0, 2.90622, 205, 'SSW', '2022-09-30 13:00:00'),
(412, 1, 16.2, 49.6, NULL, 16, 1011.4, NULL, 2.7, 199, NULL, '2022-09-30 13:00:00'),
(413, 4, 17, 52, 'Partly cloudy', 25, 1011, 0, 9, 220, 'SW', '2022-09-30 14:00:00'),
(414, 1, 16.1, 47.2, NULL, 23, 1011.3, NULL, 3.1, 222, NULL, '2022-09-30 14:00:00'),
(415, 3, 17.2, 45, 'Broken clouds', 78, 1006.3, 0, 2.79648, 213, 'SSW', '2022-09-30 14:00:00'),
(416, 4, 17, 52, 'Sunny', 0, 1011, 0, 13, 220, 'SW', '2022-09-30 15:00:00'),
(417, 1, 15.6, 50.5, NULL, 15, 1011.5, NULL, 2.7, 215, NULL, '2022-09-30 15:00:00'),
(418, 3, 16.7, 47, 'Scattered clouds', 69, 1006.66, 0, 2.57433, 223, 'SW', '2022-09-30 15:00:00'),
(419, 4, 16, 51, 'Sunny', 0, 1011, 0, 15.1, 210, 'SSW', '2022-09-30 16:00:00'),
(420, 1, 13.8, 64.7, NULL, 15, 1011.4, NULL, 1.6, 191, NULL, '2022-09-30 16:00:00'),
(421, 3, 16.1, 51, 'Broken clouds', 81, 1006.78, 0, 1.82507, 216, 'SW', '2022-09-30 16:00:00'),
(422, 4, 15, 59, 'Clear', 0, 1011, 0, 13, 190, 'S', '2022-09-30 17:00:00'),
(423, 1, 11.4, 70.2, NULL, 14, 1011.6, NULL, 2.2, 177, NULL, '2022-09-30 17:00:00'),
(424, 3, 15.6, 61, 'Clear sky', 0, 1006.93, 0, 1.15753, 191, 'S', '2022-09-30 17:00:00'),
(425, 1, 10.8, 71.6, NULL, 8, 1011.9, NULL, 2.9, 177, NULL, '2022-09-30 18:00:00'),
(426, 3, 13.3, 69, 'Clear sky', 0, 1007.11, 0, 1.30118, 171, 'S', '2022-09-30 18:00:00'),
(427, 4, 13, 67, 'Clear', 0, 1011, 0, 9, 180, 'S', '2022-09-30 18:00:03'),
(428, 1, 10.5, 74.5, NULL, 12, 1012, NULL, 3, 182, NULL, '2022-09-30 19:00:00'),
(429, 3, 12.2, 77, 'Clear sky', 1, 1007.01, 0, 1.55182, 169, 'S', '2022-09-30 19:00:00'),
(430, 4, 12, 71, 'Clear', 0, 1011, 0, 11.2, 170, 'S', '2022-09-30 19:00:04'),
(431, 1, 9.3, 83.2, NULL, 1, 1011.8, NULL, 2.8, 183, NULL, '2022-09-30 20:00:00'),
(432, 3, 11.7, 80, 'Clear sky', 0, 1006.93, 0, 1.54618, 173, 'S', '2022-09-30 20:00:00'),
(433, 4, 11, 76, 'Clear', 0, 1011, 0, 11.2, 160, 'SSE', '2022-09-30 20:00:03'),
(434, 1, 8.7, 87.4, NULL, 13, 1011.8, NULL, 2.7, 184, NULL, '2022-09-30 21:00:00'),
(435, 3, 11.1, 80, 'Clear sky', 0, 1006.99, 0, 1.4987, 183, 'S', '2022-09-30 21:00:00'),
(436, 4, 9, 81, 'Clear', 0, 1011, 0, 6.8, 180, 'S', '2022-09-30 21:00:03'),
(437, 4, 10, 76, 'Clear', 0, 1011, 0, 11.2, 170, 'S', '2022-09-30 22:00:00'),
(438, 1, 8.5, 88.5, NULL, 0, 1011.7, NULL, 3, 184, NULL, '2022-09-30 22:00:00'),
(439, 3, 10.6, 81, 'Clear sky', 3, 1006.97, 0, 1.58532, 186, 'S', '2022-09-30 22:00:00'),
(440, 4, 7, 93, 'Clear', 0, 1011, 0, 3.6, 197, 'SSW', '2022-09-30 23:00:00'),
(441, 1, 8.3, 89.1, NULL, 6, 1011.6, NULL, 3, 188, NULL, '2022-09-30 23:00:00'),
(442, 3, 10.6, 85, 'Few clouds', 22, 1007.12, 0, 1.56871, 183, 'S', '2022-09-30 23:00:00'),
(443, 1, 8.2, 89.5, NULL, 0, 1011.2, NULL, 3.3, 188, NULL, '2022-10-01 00:00:00'),
(444, 3, 9.4, 87, 'Clear sky', 0, 1006.72, 0, 1.81212, 178, 'S', '2022-10-01 00:00:01'),
(445, 4, 8, 87, 'Clear', 0, 1011, 0, 6.1, 130, 'SE', '2022-10-01 00:00:04'),
(446, 1, 7.9, 90.3, NULL, 64, 1010.6, NULL, 3.2, 188, NULL, '2022-10-01 01:00:00'),
(447, 3, 9.4, 87, 'Clear sky', 7, 1006.41, 0, 2.01788, 176, 'S', '2022-10-01 01:00:00'),
(448, 4, 7, 87, 'Clear', 0, 1011, 0, 3.6, 186, 'S', '2022-10-01 01:00:03'),
(449, 4, 6, 93, 'Clear', 0, 1010, 0, 3.6, 186, 'S', '2022-10-01 02:00:01'),
(450, 1, 7.5, 91.3, NULL, 100, 1010.1, NULL, 3.4, 183, NULL, '2022-10-01 02:00:01'),
(451, 3, 9.4, 87, 'Scattered clouds', 50, 1006.16, 0, 2.1972, 185, 'S', '2022-10-01 02:00:01'),
(452, 1, 7.6, 91.4, NULL, 100, 1010, NULL, 4.1, 188, NULL, '2022-10-01 03:00:00'),
(453, 3, 8.9, 85, 'Broken clouds', 81, 1005.7, 0, 2.44919, 186, 'S', '2022-10-01 03:00:00'),
(454, 4, 7, 93, 'Clear', 0, 1010, 0, 15.1, 170, 'S', '2022-10-01 03:00:04'),
(455, 4, 7, 93, 'Clear', 0, 1010, 0, 15.1, 170, 'S', '2022-10-01 04:00:00'),
(456, 1, 8, 87.3, NULL, 100, 1009.4, NULL, 4.4, 188, NULL, '2022-10-01 04:00:00'),
(457, 3, 8.9, 83, 'Broken clouds', 87, 1005.49, 0, 2.69597, 184, 'S', '2022-10-01 04:00:00'),
(458, 4, 8, 87, 'Clear', 0, 1009, 0, 13, 170, 'S', '2022-10-01 05:00:00'),
(459, 3, 8.3, 84, 'Overcast clouds', 92, 1005.08, 0, 2.7147, 178, 'S', '2022-10-01 05:00:00'),
(460, 1, 8.3, 85.1, NULL, 100, 1008.9, NULL, 4.5, 185, NULL, '2022-10-01 05:00:00'),
(461, 4, 7, 93, 'Sunny', 0, 1009, 0, 13, 160, 'SSE', '2022-10-01 06:00:00'),
(462, 1, 8.9, 82.6, NULL, 100, 1008.7, NULL, 4.9, 184, NULL, '2022-10-01 06:00:00'),
(463, 3, 8.4, 82, 'Overcast clouds', 94, 1004.7, 0, 2.92881, 179, 'S', '2022-10-01 06:00:00'),
(464, 4, 8, 87, 'Sunny', 0, 1008, 0, 15.1, 170, 'S', '2022-10-01 07:00:00'),
(465, 1, 10.3, 78, NULL, 100, 1007.6, NULL, 5.3, 182, NULL, '2022-10-01 07:00:00'),
(466, 3, 9.5, 79, 'Overcast clouds', 94, 1003.84, 0, 3.46302, 181, 'S', '2022-10-01 07:00:00'),
(467, 4, 9, 87, 'Sunny', 0, 1007, 0, 15.1, 180, 'S', '2022-10-01 08:00:00'),
(468, 1, 11.3, 72.3, NULL, 100, 1007, NULL, 4.9, 182, NULL, '2022-10-01 08:00:00'),
(469, 3, 10.7, 75, 'Overcast clouds', 95, 1002.38, 0, 4.12651, 182, 'S', '2022-10-01 08:00:00'),
(470, 4, 11, 76, 'Moderate rain', 0, 1006, 0, 20.2, 170, 'S', '2022-10-01 09:00:00'),
(471, 1, 12.6, 68.8, NULL, 100, 1006.4, NULL, 5.8, 188, NULL, '2022-10-01 09:00:00'),
(472, 3, 12, 70, 'Overcast clouds', 94, 1001.86, 0, 4.5673, 188, 'S', '2022-10-01 09:00:00'),
(473, 4, 12, 77, 'Sunny', 0, 1006, 0, 24.1, 190, 'S', '2022-10-01 10:00:00'),
(474, 3, 12.2, 71, 'Drizzle', 87, 1000.87, 1, 5.14062, 192, 'SSW', '2022-10-01 10:00:00'),
(475, 1, 12.6, 71.3, NULL, 100, 1005.9, NULL, 6.3, 184, NULL, '2022-10-01 10:00:00'),
(476, 1, 11.2, 83.6, NULL, 100, 1005.5, NULL, 6.5, 195, NULL, '2022-10-01 11:00:00'),
(477, 4, 12, 77, 'Light rain', 75, 1005, 0, 31, 190, 'S', '2022-10-01 11:00:00'),
(478, 3, 11.7, 80, 'Light rain', 87, 1000.5, 3, 5.33955, 187, 'S', '2022-10-01 11:00:00'),
(479, 4, 11, 87, 'Light rain', 75, 1005, 0, 31, 200, 'SSW', '2022-10-01 12:00:00'),
(480, 1, 10.9, 87.3, NULL, 100, 1004.9, NULL, 6.5, 196, NULL, '2022-10-01 12:00:00'),
(481, 3, 11.1, 83, 'Light rain', 100, 1000.08, 1, 5.2473, 196, 'SSW', '2022-10-01 12:00:00'),
(482, 4, 11, 87, 'Moderate rain', 75, 1004, 2, 33.1, 210, 'SSW', '2022-10-01 13:00:00'),
(483, 1, 11.2, 85.6, NULL, 100, 1004.6, NULL, 6.2, 199, NULL, '2022-10-01 13:00:00'),
(484, 3, 11.1, 85, 'Light rain', 93, 999.808, 2, 4.64006, 199, 'SSW', '2022-10-01 13:00:00'),
(485, 1, 12.2, 83.9, NULL, 100, 1004.3, NULL, 5.4, 216, NULL, '2022-10-01 14:00:01'),
(486, 4, 11, 94, 'Overcast', 50, 1004, 1, 24.1, 210, 'SSW', '2022-10-01 14:00:01'),
(487, 3, 10.6, 85, 'Overcast clouds', 91, 999.562, 0, 4.20568, 210, 'SSW', '2022-10-01 14:00:01'),
(488, 4, 12, 88, 'Overcast', 100, 1004, 0, 28.1, 220, 'SW', '2022-10-01 15:00:00'),
(489, 1, 13.3, 80.5, NULL, 36, 1004, NULL, 4.7, 225, NULL, '2022-10-01 15:00:00'),
(490, 3, 11.1, 81, 'Clear sky', 0, 999.475, 0, 3.75909, 213, 'SSW', '2022-10-01 15:00:00'),
(491, 1, 13, 82.3, NULL, 19, 1004.2, NULL, 3.6, 220, NULL, '2022-10-01 16:00:00'),
(492, 4, 13, 82, 'Overcast', 100, 1004, 2, 22, 230, 'SW', '2022-10-01 16:00:00'),
(493, 3, 11.7, 82, 'Scattered clouds', 49, 999.673, 0, 3.21577, 214, 'SW', '2022-10-01 16:00:00'),
(494, 1, 11.8, 86.9, NULL, 52, 1004.6, NULL, 3.1, 215, NULL, '2022-10-01 17:00:00'),
(495, 3, 11.7, 88, 'Overcast clouds', 100, 1000.85, 0, 3.47104, 224, 'SW', '2022-10-01 17:00:00'),
(496, 4, 12, 88, 'Partly cloudy', 25, 1004, 0, 20.2, 230, 'SW', '2022-10-01 17:00:03'),
(497, 4, 11, 94, 'Moderate rain', 37, 1005, 0, 15.1, 210, 'SSW', '2022-10-01 18:00:00'),
(498, 1, 11.4, 87.1, NULL, 22, 1005.1, NULL, 4.2, 220, NULL, '2022-10-01 18:00:00'),
(499, 3, 11.7, 90, 'Heavy rain', 100, 1001.17, 7, 3.0284, 226, 'SW', '2022-10-01 18:00:00'),
(500, 3, 11.7, 91, 'Broken clouds', 88, 1001.43, 0, 3.39717, 235, 'SW', '2022-10-01 19:00:00'),
(501, 1, 12.1, 80.4, NULL, 16, 1005.9, NULL, 5.5, 256, NULL, '2022-10-01 19:00:00'),
(502, 4, 12, 88, 'Moderate rain', 25, 1005, 0, 20.2, 220, 'SW', '2022-10-01 19:00:02'),
(503, 1, 12, 78.3, NULL, 37, 1007, NULL, 5.5, 260, NULL, '2022-10-01 20:00:00'),
(504, 3, 12.2, 90, 'Broken clouds', 90, 1002.15, 0, 4.25995, 260, 'W', '2022-10-01 20:00:00'),
(505, 4, 12, 88, 'Partly cloudy', 75, 1006, 0, 28.1, 260, 'W', '2022-10-01 20:00:03'),
(506, 4, 11, 94, 'Partly cloudy', 75, 1007, 0, 20.2, 260, 'W', '2022-10-01 21:00:00'),
(507, 1, 11.4, 82.8, NULL, 25, 1007.9, NULL, 5.4, 262, NULL, '2022-10-01 21:00:00'),
(508, 3, 11.7, 87, 'Broken clouds', 88, 1003.08, 0, 4.69986, 268, 'W', '2022-10-01 21:00:00'),
(509, 1, 10.9, 86.3, NULL, 17, 1008.9, NULL, 5.9, 266, NULL, '2022-10-01 22:00:00'),
(510, 3, 11.1, 85, 'Broken clouds', 83, 1004.02, 0, 4.60867, 268, 'W', '2022-10-01 22:00:00'),
(511, 4, 10, 94, 'Partly cloudy', 75, 1008, 1, 16.9, 260, 'W', '2022-10-01 22:00:05'),
(512, 4, 10, 94, 'Partly cloudy', 75, 1009, 0, 20.2, 260, 'W', '2022-10-01 23:00:00'),
(513, 3, 10.6, 85, 'Broken clouds', 77, 1005.41, 0, 4.23384, 268, 'W', '2022-10-01 23:00:00'),
(514, 1, 10.7, 88.4, NULL, 20, 1009.9, NULL, 5.8, 265, NULL, '2022-10-01 23:00:00'),
(515, 1, 10.5, 90.4, NULL, 26, 1010.7, NULL, 5.6, 262, NULL, '2022-10-02 00:00:00'),
(516, 3, 10.6, 90, 'Broken clouds', 79, 1006.38, 0, 3.95935, 257, 'WSW', '2022-10-02 00:00:00'),
(517, 4, 10, 94, 'Clear', 0, 1010, 0, 20.2, 260, 'W', '2022-10-02 00:00:03'),
(518, 4, 10, 94, 'Clear', 0, 1010, 0, 16.9, 250, 'WSW', '2022-10-02 01:00:00'),
(519, 3, 10.6, 88, 'Scattered clouds', 47, 1006.86, 0, 4.03616, 258, 'WSW', '2022-10-02 01:00:00'),
(520, 1, 10.4, 90.8, NULL, 22, 1011.2, NULL, 5.3, 259, NULL, '2022-10-02 01:00:00'),
(521, 4, 10, 94, 'Clear', 0, 1011, 0, 16.9, 240, 'WSW', '2022-10-02 02:00:00'),
(522, 1, 10.3, 88.8, NULL, 23, 1011.5, NULL, 5.1, 261, NULL, '2022-10-02 02:00:00'),
(523, 3, 11.3, 87, 'Broken clouds', 72, 1007.78, 0, 3.93305, 254, 'WSW', '2022-10-02 02:00:00'),
(524, 4, 9, 93, 'Partly cloudy', 75, 1012, 0, 15.1, 240, 'WSW', '2022-10-02 03:00:00'),
(525, 1, 10.2, 88.9, NULL, 27, 1011.8, NULL, 5.1, 257, NULL, '2022-10-02 03:00:00'),
(526, 3, 10.6, 89, 'Scattered clouds', 70, 1007.83, 0, 3.70248, 250, 'WSW', '2022-10-02 03:00:00'),
(527, 4, 9, 93, 'Partly cloudy', 75, 1012, 0, 19.1, 240, 'WSW', '2022-10-02 04:00:00'),
(528, 1, 10.1, 88.3, NULL, 19, 1012, NULL, 4.9, 252, NULL, '2022-10-02 04:00:00'),
(529, 3, 10.6, 90, 'Clear sky', 0, 1008.04, 0, 3.579, 248, 'WSW', '2022-10-02 04:00:00'),
(530, 4, 10, 87, 'Partly cloudy', 25, 1012, 0, 20.2, 240, 'WSW', '2022-10-02 05:00:00'),
(531, 1, 10, 88.9, NULL, 16, 1012.1, NULL, 5, 250, NULL, '2022-10-02 05:00:00'),
(532, 3, 10.6, 90, 'Scattered clouds', 68, 1007.29, 0, 3.23268, 239, 'WSW', '2022-10-02 05:00:00'),
(533, 1, 10.5, 87.3, NULL, 16, 1012.6, NULL, 5.3, 250, NULL, '2022-10-02 06:00:00'),
(534, 3, 10.6, 88, 'Scattered clouds', 46, 1007.45, 0, 3.50776, 238, 'WSW', '2022-10-02 06:00:00'),
(535, 4, 10, 87, 'Overcast', 25, 1012, 0, 20.2, 240, 'WSW', '2022-10-02 06:00:04'),
(536, 4, 11, 87, 'Moderate rain', 25, 1012, 0, 22, 240, 'WSW', '2022-10-02 07:00:00'),
(537, 1, 11.8, 81.5, NULL, 18, 1012.8, NULL, 6.3, 254, NULL, '2022-10-02 07:00:00'),
(538, 3, 11.1, 86, 'Clear sky', 0, 1007.42, 0, 3.73823, 243, 'WSW', '2022-10-02 07:00:00'),
(539, 4, 12, 88, 'Partly cloudy', 25, 1013, 0, 22, 230, 'SW', '2022-10-02 08:00:00'),
(540, 1, 13.7, 75.2, NULL, 37, 1012.8, NULL, 6.9, 260, NULL, '2022-10-02 08:00:00'),
(541, 3, 12.5, 82, 'Broken clouds', 87, 1007.74, 0, 4.46229, 245, 'WSW', '2022-10-02 08:00:00'),
(542, 4, 13, 82, 'Partly cloudy', 25, 1013, 0, 24.1, 250, 'WSW', '2022-10-02 09:00:00'),
(543, 3, 13.5, 78, 'Scattered clouds', 42, 1007.94, 0, 4.58245, 266, 'W', '2022-10-02 09:00:00'),
(544, 1, 14.7, 72.1, NULL, 100, 1012.6, NULL, 7.3, 262, NULL, '2022-10-02 09:00:00'),
(545, 1, 15.2, 70.8, NULL, 31, 1012.7, NULL, 6.3, 264, NULL, '2022-10-02 10:00:00'),
(546, 3, 14.3, 76, 'Broken clouds', 86, 1008.09, 0, 4.81273, 265, 'W', '2022-10-02 10:00:00'),
(547, 4, 15, 77, 'Moderate rain', 75, 1012, 0, 31, 250, 'WSW', '2022-10-02 10:00:04'),
(548, 1, 16, 67.7, NULL, 56, 1012.6, NULL, 7, 261, NULL, '2022-10-02 11:00:00'),
(549, 3, 14.4, 74, 'Broken clouds', 89, 1008.46, 0, 5.12301, 268, 'W', '2022-10-02 11:00:00'),
(550, 4, 16, 72, 'Patchy light rain with thunder', 75, 1012, 0, 24.1, 260, 'W', '2022-10-02 11:00:02'),
(551, 4, 14, 88, 'Moderate or heavy rain shower', 50, 1012, 0, 25.9, 270, 'W', '2022-10-02 12:00:00'),
(552, 3, 13.3, 75, 'Scattered clouds', 48, 1008.29, 0, 4.69943, 272, 'W', '2022-10-02 12:00:00'),
(553, 1, 16.4, 63.2, NULL, 100, 1012.4, NULL, 7.1, 271, NULL, '2022-10-02 12:00:00'),
(554, 4, 14, 82, 'Moderate or heavy rain shower', 25, 1012, 0, 20.2, 290, 'WNW', '2022-10-02 13:00:00'),
(555, 1, 15.4, 64, NULL, 70, 1012.5, NULL, 7.5, 281, NULL, '2022-10-02 13:00:00'),
(556, 3, 15.6, 75, 'Broken clouds', 86, 1008.21, 0, 4.54976, 279, 'W', '2022-10-02 13:00:00'),
(557, 4, 15, 77, 'Moderate or heavy rain shower', 25, 1012, 0, 28.1, 280, 'W', '2022-10-02 14:00:00'),
(558, 1, 15.7, 62.8, NULL, 47, 1012.6, NULL, 7.3, 286, NULL, '2022-10-02 14:00:00'),
(559, 3, 15.6, 80, 'Broken clouds', 80, 1008.49, 0, 4.67948, 286, 'WNW', '2022-10-02 14:00:06'),
(560, 4, 16, 63, 'Partly cloudy', 25, 1012, 0, 33.1, 280, 'W', '2022-10-02 15:00:02'),
(561, 1, 15.4, 64.3, NULL, 25, 1012.8, NULL, 6, 288, NULL, '2022-10-02 15:00:03'),
(562, 3, 16.1, 79, 'Scattered clouds', 65, 1008.81, 0, 3.94086, 280, 'W', '2022-10-02 15:00:03'),
(563, 3, 15.6, 75, 'Scattered clouds', 62, 1009.42, 0, 3.56236, 291, 'WNW', '2022-10-02 16:00:00'),
(564, 1, 14.5, 66.7, NULL, 23, 1013.4, NULL, 5.2, 291, NULL, '2022-10-02 16:00:00'),
(565, 4, 15, 67, 'Sunny', 0, 1013, 0, 28.1, 280, 'W', '2022-10-02 16:00:03'),
(566, 4, 14, 72, 'Clear', 0, 1013, 0, 20.2, 280, 'W', '2022-10-02 17:00:01'),
(567, 1, 13.2, 71.3, NULL, 14, 1014.3, NULL, 4.7, 287, NULL, '2022-10-02 17:00:01'),
(568, 3, 14.4, 75, 'Scattered clouds', 47, 1009.45, 0, 3.40047, 292, 'WNW', '2022-10-02 17:00:01'),
(569, 3, 14.4, 75, 'Scattered clouds', 47, 1009.45, 0, 3.40047, 292, 'WNW', '2022-10-02 17:17:39'),
(570, 3, 14.4, 75, 'Scattered clouds', 47, 1009.45, 0, 3.40047, 292, 'WNW', '2022-10-02 17:17:57'),
(571, 3, 14.4, 75, 'Scattered clouds', 47, 1009.45, 0, 3.40047, 292, 'WNW', '2022-10-02 17:18:13'),
(572, 4, 11, 87, 'Clear', 0, 1014, 0, 15.1, 260, 'W', '2022-10-02 17:26:13'),
(573, 3, 13.9, 80, 'Scattered clouds', 51, 1010.44, 0, 3.47891, 287, 'WNW', '2022-10-02 17:34:09'),
(574, 3, 13.9, 80, 'Scattered clouds', 51, 1010.44, 0, 3.47891, 287, 'WNW', '2022-10-02 17:35:14'),
(575, 4, 11, 87, 'Clear', 0, 1014, 0, 15.1, 250, 'WSW', '2022-10-02 17:47:37'),
(576, 3, 13.9, 80, 'Scattered clouds', 51, 1010.44, 0, 3.47891, 287, 'WNW', '2022-10-02 17:47:56'),
(577, 4, 11, 87, 'Clear', 0, 1014, 0, 15.1, 250, 'WSW', '2022-10-02 18:00:00'),
(578, 3, 13.9, 80, 'Scattered clouds', 51, 1010.44, 0, 3.47891, 287, 'WNW', '2022-10-02 18:00:00'),
(579, 1, 12.5, 74.2, NULL, 20, 1014.9, NULL, 4.6, 282, NULL, '2022-10-02 18:00:01'),
(580, 4, 11, 94, 'Clear', 0, 1015, 1, 15.1, 260, 'W', '2022-10-02 19:00:00'),
(581, 1, 12, 77.5, NULL, 29, 1015.7, NULL, 4.7, 288, NULL, '2022-10-02 19:00:00'),
(582, 3, 12.8, 83, 'Scattered clouds', 58, 1010.96, 0, 3.625, 283, 'WNW', '2022-10-02 19:00:00'),
(583, 4, 11, 94, 'Clear', 0, 1015, 0, 16.9, 270, 'W', '2022-10-02 20:00:00'),
(584, 1, 11.4, 81.5, NULL, 22, 1016, NULL, 5.1, 286, NULL, '2022-10-02 20:00:00'),
(585, 3, 12.2, 85, 'Scattered clouds', 65, 1011.39, 0, 3.81954, 285, 'WNW', '2022-10-02 20:00:00'),
(586, 4, 11, 87, 'Clear', 0, 1016, 0, 20.2, 270, 'W', '2022-10-02 21:00:00'),
(587, 1, 11.2, 83.3, NULL, 16, 1016.5, NULL, 5.2, 286, NULL, '2022-10-02 21:00:00'),
(588, 3, 11.7, 86, 'Scattered clouds', 62, 1011.77, 0, 3.88529, 285, 'WNW', '2022-10-02 21:00:00'),
(589, 3, 11.7, 88, 'Broken clouds', 77, 1012.41, 0, 4.01153, 289, 'WNW', '2022-10-02 22:00:00'),
(590, 4, 11, 87, 'Clear', 0, 1016, 0, 20.2, 270, 'W', '2022-10-02 22:00:00'),
(591, 1, 10.8, 85.4, NULL, 5, 1016.9, NULL, 5.3, 286, NULL, '2022-10-02 22:00:02'),
(592, 4, 11, 87, 'Clear', 0, 1017, 0, 16.9, 270, 'W', '2022-10-02 23:00:00'),
(593, 1, 10.3, 87.7, NULL, 2, 1017.3, NULL, 5.4, 286, NULL, '2022-10-02 23:00:00'),
(594, 3, 11.1, 88, 'Broken clouds', 80, 1013.41, 0, 4.27718, 290, 'WNW', '2022-10-02 23:00:00'),
(595, 1, 10, 90, NULL, 20, 1017.6, NULL, 5.4, 286, NULL, '2022-10-03 00:00:00'),
(596, 3, 10.6, 88, 'Overcast clouds', 91, 1013.43, 0, 4.59777, 296, 'WNW', '2022-10-03 00:00:00');
INSERT INTO `api_data_current` (`id`, `api_id`, `temperatur`, `humidity`, `sky_description`, `sky_clouds`, `air_pressure`, `probability_of_precipitation`, `wind_speed`, `wind_direction_deg`, `wind_direction_name`, `updated`) VALUES
(597, 4, 10, 94, 'Partly cloudy', 25, 1017, 0, 15.1, 270, 'W', '2022-10-03 00:00:02'),
(598, 1, 10, 89.9, NULL, 100, 1018, NULL, 5.5, 286, NULL, '2022-10-03 01:00:00'),
(599, 3, 11.1, 87, 'Overcast clouds', 99, 1013.63, 0, 4.44426, 297, 'WNW', '2022-10-03 01:00:00'),
(600, 4, 11, 87, 'Partly cloudy', 75, 1017, 0, 16.9, 270, 'W', '2022-10-03 01:00:02'),
(601, 4, 11, 87, 'Partly cloudy', 75, 1018, 0, 28.1, 290, 'WNW', '2022-10-03 02:00:00'),
(602, 1, 10.1, 89.2, NULL, 39, 1018.5, NULL, 5.7, 288, NULL, '2022-10-03 02:00:00'),
(603, 3, 11.1, 87, 'Overcast clouds', 100, 1014.3, 0, 4.1516, 295, 'WNW', '2022-10-03 02:00:00'),
(604, 1, 10.1, 89.1, NULL, 18, 1018.7, NULL, 5.6, 290, NULL, '2022-10-03 03:00:01'),
(605, 3, 11.1, 84, 'Scattered clouds', 42, 1014.64, 0, 4.22622, 293, 'WNW', '2022-10-03 03:00:01'),
(606, 4, 11, 87, 'Overcast', 100, 1018, 0, 24.1, 290, 'WNW', '2022-10-03 03:00:03'),
(607, 4, 12, 82, 'Overcast', 100, 1018, 0, 24.1, 290, 'WNW', '2022-10-03 04:00:00'),
(608, 1, 9.8, 90.5, NULL, 29, 1019, NULL, 5.7, 290, NULL, '2022-10-03 04:00:00'),
(609, 3, 11.1, 83, 'Broken clouds', 83, 1014.6, 0, 4.22952, 290, 'WNW', '2022-10-03 04:00:00'),
(610, 1, 9.8, 91, NULL, 31, 1019.4, NULL, 5.8, 292, NULL, '2022-10-03 05:00:00'),
(611, 3, 11.1, 89, 'Scattered clouds', 42, 1014.38, 0, 4.03787, 287, 'WNW', '2022-10-03 05:00:00'),
(612, 4, 11, 87, 'Overcast', 100, 1019, 0, 25.9, 290, 'WNW', '2022-10-03 05:00:02'),
(613, 3, 11.1, 87, 'Overcast clouds', 93, 1015.06, 0, 4.15114, 292, 'WNW', '2022-10-03 06:00:01'),
(614, 4, 12, 82, 'Overcast', 100, 1019, 0, 24.1, 300, 'WNW', '2022-10-03 06:00:04'),
(615, 1, 10, 90.4, NULL, 21, 1019.9, NULL, 5.9, 294, NULL, '2022-10-03 06:00:05'),
(616, 4, 12, 82, 'Overcast', 100, 1020, 0, 25.9, 300, 'WNW', '2022-10-03 07:00:00'),
(617, 1, 11.4, 80.8, NULL, 41, 1020.5, NULL, 6.4, 301, NULL, '2022-10-03 07:00:00'),
(618, 3, 11.1, 84, 'Broken clouds', 81, 1015.61, 0, 4.48612, 289, 'WNW', '2022-10-03 07:00:01'),
(619, 4, 12, 82, 'Overcast', 100, 1020, 0, 25.9, 300, 'WNW', '2022-10-03 08:00:00'),
(620, 1, 12.7, 73.1, NULL, 61, 1021, NULL, 7.8, 307, NULL, '2022-10-03 08:00:00'),
(621, 3, 11.7, 77, 'Broken clouds', 79, 1016.82, 0, 5.42028, 306, 'NW', '2022-10-03 08:00:00'),
(622, 4, 12, 82, 'Partly cloudy', 75, 1021, 0, 24.1, 300, 'WNW', '2022-10-03 09:00:00'),
(623, 1, 13.6, 66.4, NULL, 100, 1021.1, NULL, 8.2, 312, NULL, '2022-10-03 09:00:00'),
(624, 3, 12.2, 69, 'Few clouds', 40, 1016.67, 0, 5.4762, 310, 'NW', '2022-10-03 09:00:00'),
(625, 4, 13, 72, 'Overcast', 100, 1021, 0, 25.9, 310, 'NW', '2022-10-03 10:00:00'),
(626, 1, 14.5, 61.5, NULL, 79, 1021.5, NULL, 7.7, 314, NULL, '2022-10-03 10:00:00'),
(627, 3, 13.3, 62, 'Scattered clouds', 70, 1017.17, 0, 5.68616, 311, 'NW', '2022-10-03 10:00:00'),
(628, 4, 14, 72, 'Partly cloudy', 75, 1021, 0, 28.1, 300, 'WNW', '2022-10-03 11:00:00'),
(629, 1, 15.3, 59.9, NULL, 100, 1021.4, NULL, 7.1, 312, NULL, '2022-10-03 11:00:00'),
(630, 3, 14.4, 58, 'Broken clouds', 87, 1016.8, 0, 5.48942, 307, 'NW', '2022-10-03 11:00:00'),
(631, 4, 16, 63, 'Partly cloudy', 75, 1021, 0, 24.1, 310, 'NW', '2022-10-03 12:00:00'),
(632, 1, 15.2, 63.5, NULL, 53, 1021.4, NULL, 6.3, 302, NULL, '2022-10-03 12:00:00'),
(633, 3, 15, 60, 'Scattered clouds', 50, 1016.92, 0, 5.54202, 304, 'NW', '2022-10-03 12:00:00'),
(634, 1, 15.7, 62.7, NULL, 73, 1021.2, NULL, 7.2, 305, NULL, '2022-10-03 13:00:00'),
(635, 3, 15, 60, 'Overcast clouds', 96, 1016.48, 0, 5.26195, 306, 'NW', '2022-10-03 13:00:00'),
(636, 4, 15, 72, 'Overcast', 75, 1021, 0, 28.1, 300, 'WNW', '2022-10-03 13:00:02'),
(637, 4, 16, 68, 'Partly cloudy', 25, 1021, 0, 22, 300, 'WNW', '2022-10-03 14:00:00'),
(638, 1, 16, 58.8, NULL, 8, 1021.1, NULL, 7.1, 300, NULL, '2022-10-03 14:00:00'),
(639, 3, 16.7, 59, 'Overcast clouds', 93, 1016.13, 0, 5.51895, 307, 'NW', '2022-10-03 14:00:00'),
(640, 1, 16.2, 57.7, NULL, 21, 1020.6, NULL, 6.3, 307, NULL, '2022-10-03 15:00:00'),
(641, 3, 16.1, 68, 'Broken clouds', 90, 1016.42, 0, 5.09911, 301, 'WNW', '2022-10-03 15:00:00'),
(642, 4, 16, 63, 'Partly cloudy', 75, 1021, 0, 24.1, 300, 'WNW', '2022-10-03 15:00:02'),
(643, 4, 15, 67, 'Partly cloudy', 25, 1021, 0, 20.2, 300, 'WNW', '2022-10-03 16:00:00'),
(644, 1, 15, 64.6, NULL, 36, 1021, NULL, 5.9, 303, NULL, '2022-10-03 16:00:00'),
(645, 3, 15.6, 73, 'Scattered clouds', 52, 1016.67, 0, 4.3264, 296, 'WNW', '2022-10-03 16:00:00'),
(646, 4, 15, 67, 'Overcast', 25, 1021, 0, 20.2, 280, 'W', '2022-10-03 17:00:00'),
(647, 1, 13.7, 72.9, NULL, 48, 1021.2, NULL, 5.3, 297, NULL, '2022-10-03 17:00:00'),
(648, 3, 15, 81, 'Scattered clouds', 54, 1016.69, 0, 3.75476, 296, 'WNW', '2022-10-03 17:00:00'),
(649, 4, 14, 77, 'Light rain', 75, 1021, 0, 19.1, 270, 'W', '2022-10-03 18:00:00'),
(650, 1, 12.9, 78.9, NULL, 28, 1021.5, NULL, 4.7, 293, NULL, '2022-10-03 18:00:00'),
(651, 3, 14.4, 83, 'Light rain', 84, 1016.92, 1, 3.3122, 290, 'WNW', '2022-10-03 18:00:00'),
(652, 4, 13, 82, 'Overcast', 75, 1021, 0, 16.9, 290, 'WNW', '2022-10-03 19:00:00'),
(653, 1, 12.1, 84.4, NULL, 32, 1021.6, NULL, 4.6, 290, NULL, '2022-10-03 19:00:00'),
(654, 3, 13.9, 85, 'Scattered clouds', 50, 1016.5, 0, 3.2419, 292, 'WNW', '2022-10-03 19:00:00'),
(655, 4, 13, 88, 'Partly cloudy', 75, 1021, 0, 15.1, 280, 'W', '2022-10-03 20:00:00'),
(656, 1, 13.1, 78.3, NULL, 96, 1021.5, NULL, 5, 291, NULL, '2022-10-03 20:00:00'),
(657, 3, 13.3, 87, 'Scattered clouds', 49, 1016.74, 0, 3.44341, 287, 'WNW', '2022-10-03 20:00:00'),
(658, 4, 13, 88, 'Partly cloudy', 75, 1021, 0, 15.1, 280, 'W', '2022-10-03 21:00:00'),
(659, 1, 12.4, 83.6, NULL, 100, 1021.4, NULL, 4.8, 291, NULL, '2022-10-03 21:00:00'),
(660, 3, 12.8, 89, 'Scattered clouds', 51, 1016.62, 0, 3.30464, 288, 'WNW', '2022-10-03 21:00:00'),
(661, 4, 13, 88, 'Partly cloudy', 50, 1021, 0, 20.2, 280, 'W', '2022-10-03 22:00:00'),
(662, 1, 12.3, 85.6, NULL, 100, 1021.3, NULL, 4.7, 292, NULL, '2022-10-03 22:00:00'),
(663, 3, 12.8, 89, 'Scattered clouds', 48, 1016.81, 0, 3.2622, 287, 'WNW', '2022-10-03 22:00:00'),
(664, 4, 13, 88, 'Partly cloudy', 75, 1021, 0, 20.2, 290, 'WNW', '2022-10-03 23:00:00'),
(665, 1, 11.9, 88.8, NULL, 100, 1021.2, NULL, 4.6, 289, NULL, '2022-10-03 23:00:00'),
(666, 3, 12.8, 89, 'Scattered clouds', 50, 1016.88, 0, 3.34517, 292, 'WNW', '2022-10-03 23:00:00'),
(667, 1, 11.6, 90.5, NULL, 100, 1021.4, NULL, 4.6, 289, NULL, '2022-10-04 00:00:00'),
(668, 3, 12.8, 91, 'Scattered clouds', 49, 1017.13, 0, 3.31602, 293, 'WNW', '2022-10-04 00:00:00'),
(669, 4, 13, 88, 'Partly cloudy', 75, 1021, 0, 19.1, 280, 'W', '2022-10-04 00:00:04'),
(670, 4, 13, 88, 'Partly cloudy', 75, 1021, 0, 20.2, 290, 'WNW', '2022-10-04 01:00:00'),
(671, 1, 11.2, 92, NULL, 100, 1021.4, NULL, 4.6, 287, NULL, '2022-10-04 01:00:00'),
(672, 3, 12.8, 92, 'Scattered clouds', 48, 1017.12, 0, 2.94765, 292, 'WNW', '2022-10-04 01:00:00'),
(673, 1, 11.2, 93.1, NULL, 100, 1021.3, NULL, 4.3, 291, NULL, '2022-10-04 02:00:00'),
(674, 3, 12.8, 91, 'Clear sky', 0, 1016.77, 0, 2.77495, 290, 'WNW', '2022-10-04 02:00:00'),
(675, 4, 13, 82, 'Overcast', 75, 1021, 0, 20.2, 300, 'WNW', '2022-10-04 02:00:04'),
(676, 4, 12, 88, 'Partly cloudy', 50, 1021, 0, 16.9, 290, 'WNW', '2022-10-04 03:00:00'),
(677, 1, 11.2, 92.9, NULL, 100, 1021.1, NULL, 4.1, 293, NULL, '2022-10-04 03:00:00'),
(678, 3, 12.2, 93, 'Overcast clouds', 100, 1016.55, 0, 2.64884, 283, 'WNW', '2022-10-04 03:00:00'),
(679, 4, 12, 88, 'Partly cloudy', 75, 1021, 0, 16.9, 280, 'W', '2022-10-04 04:00:00'),
(680, 1, 11.2, 92.7, NULL, 100, 1021, NULL, 3.7, 290, NULL, '2022-10-04 04:00:00'),
(681, 3, 11.7, 93, 'Scattered clouds', 60, 1016.41, 0, 2.75431, 279, 'W', '2022-10-04 04:00:00'),
(682, 1, 11.2, 92.6, NULL, 100, 1021.1, NULL, 3.5, 286, NULL, '2022-10-04 05:00:00'),
(683, 3, 11.1, 92, 'Broken clouds', 81, 1016.03, 0, 2.75827, 284, 'WNW', '2022-10-04 05:00:00'),
(684, 4, 11, 87, 'Partly cloudy', 75, 1021, 0, 15.1, 290, 'WNW', '2022-10-04 05:00:04'),
(685, 1, 11.3, 92, NULL, 100, 1021.6, NULL, 3.8, 288, NULL, '2022-10-04 06:00:00'),
(686, 4, 11, 87, 'Partly cloudy', 75, 1021, 0, 13, 290, 'WNW', '2022-10-04 06:00:00'),
(687, 3, 11.1, 93, 'Broken clouds', 82, 1016.57, 0, 2.63948, 282, 'WNW', '2022-10-04 06:00:00'),
(688, 1, 11.5, 88.4, NULL, 100, 1022.1, NULL, 4.1, 296, NULL, '2022-10-04 07:00:00'),
(689, 3, 11.7, 90, 'Broken clouds', 86, 1016.81, 0, 2.83916, 289, 'WNW', '2022-10-04 07:00:00'),
(690, 4, 13, 82, 'Partly cloudy', 75, 1021, 0, 15.1, 280, 'W', '2022-10-04 07:00:03'),
(691, 4, 13, 82, 'Partly cloudy', 75, 1022, 0, 15.1, 270, 'W', '2022-10-04 08:00:00'),
(692, 1, 11.8, 89.1, NULL, 100, 1022.2, NULL, 3.8, 286, NULL, '2022-10-04 08:00:00'),
(693, 3, 12.2, 85, 'Broken clouds', 87, 1017.19, 0, 2.69498, 284, 'WNW', '2022-10-04 08:00:00'),
(694, 1, 12.9, 82.2, NULL, 100, 1022.4, NULL, 3.9, 285, NULL, '2022-10-04 09:00:00'),
(695, 3, 12.8, 77, 'Broken clouds', 87, 1017.29, 0, 2.66473, 282, 'WNW', '2022-10-04 09:00:00'),
(696, 4, 13, 82, 'Partly cloudy', 75, 1022, 0, 13, 280, 'W', '2022-10-04 09:00:03'),
(697, 4, 14, 77, 'Partly cloudy', 75, 1022, 0, 11.2, 280, 'W', '2022-10-04 10:00:00'),
(698, 1, 13.8, 78, NULL, 100, 1022.6, NULL, 3.7, 284, NULL, '2022-10-04 10:00:00'),
(699, 3, 13.9, 66, 'Broken clouds', 87, 1017.63, 0, 3.1868, 292, 'WNW', '2022-10-04 10:00:00'),
(700, 4, 15, 77, 'Partly cloudy', 50, 1022, 0, 15.1, 260, 'W', '2022-10-04 11:00:00'),
(701, 1, 14.5, 73.8, NULL, 100, 1022.3, NULL, 3.3, 272, NULL, '2022-10-04 11:00:00'),
(702, 3, 15.6, 64, 'Broken clouds', 87, 1017.97, 0, 2.82201, 286, 'WNW', '2022-10-04 11:00:00'),
(703, 4, 16, 72, 'Partly cloudy', 75, 1022, 0, 15.1, 260, 'W', '2022-10-04 12:00:00'),
(704, 1, 15.1, 70.8, NULL, 100, 1021.9, NULL, 3.3, 263, NULL, '2022-10-04 12:00:00'),
(705, 3, 16.1, 60, 'Broken clouds', 87, 1017.65, 0, 2.93474, 281, 'W', '2022-10-04 12:00:00'),
(706, 4, 16, 68, 'Partly cloudy', 75, 1022, 0, 13, 250, 'WSW', '2022-10-04 13:00:01'),
(707, 1, 15.7, 66.8, NULL, 100, 1021.8, NULL, 3.2, 259, NULL, '2022-10-04 13:00:01'),
(708, 3, 16.1, 60, 'Clear sky', 0, 1016.9, 0, 2.63908, 264, 'W', '2022-10-04 13:00:01'),
(709, 1, 16.9, 60.8, NULL, 100, 1021.2, NULL, 3.5, 243, NULL, '2022-10-04 14:00:00'),
(710, 3, 16.7, 59, 'Clear sky', 0, 1016.02, 0, 2.67543, 239, 'WSW', '2022-10-04 14:00:00'),
(711, 4, 17, 68, 'Partly cloudy', 75, 1022, 0, 11.2, 230, 'SW', '2022-10-04 14:00:03'),
(712, 4, 17, 63, 'Partly cloudy', 25, 1021, 0, 11.2, 230, 'SW', '2022-10-04 15:00:00'),
(713, 3, 17.2, 58, 'Clear sky', 0, 1016.05, 0, 2.9175, 229, 'SW', '2022-10-04 15:00:00'),
(714, 1, 17.1, 59.7, NULL, 100, 1020.5, NULL, 3.2, 231, NULL, '2022-10-04 15:00:01'),
(715, 4, 17, 63, 'Partly cloudy', 50, 1020, 0, 16.9, 210, 'SSW', '2022-10-04 16:00:00'),
(716, 1, 15.3, 71.2, NULL, 37, 1020.5, NULL, 1.6, 210, NULL, '2022-10-04 16:00:00'),
(717, 3, 16.7, 63, 'Clear sky', 0, 1016.09, 0, 2.26609, 211, 'SSW', '2022-10-04 16:00:00'),
(718, 1, 13.3, 75.6, NULL, 3, 1020.4, NULL, 2.6, 187, NULL, '2022-10-04 17:00:00'),
(719, 3, 16.1, 72, 'Clear sky', 0, 1016.05, 0, 1.83561, 195, 'SSW', '2022-10-04 17:00:00'),
(720, 4, 15, 72, 'Clear', 0, 1020, 0, 13, 200, 'SSW', '2022-10-04 17:00:03'),
(721, 1, 13.1, 74, NULL, 2, 1020.7, NULL, 3.5, 202, NULL, '2022-10-04 18:01:00'),
(722, 3, 15, 77, 'Clear sky', 0, 1015.76, 0, 2.02824, 192, 'SSW', '2022-10-04 18:03:00'),
(723, 4, 13, 82, 'Clear', 0, 1021, 0, 11.2, 190, 'S', '2022-10-04 18:04:00'),
(724, 1, 12.2, 77, NULL, 100, 1020.9, NULL, 2.9, 208, NULL, '2022-10-04 19:01:00'),
(725, 3, 14.4, 80, 'Clear sky', 0, 1015.88, 0, 2.13427, 185, 'S', '2022-10-04 19:03:00'),
(726, 4, 13, 82, 'Clear', 0, 1020, 0, 13, 180, 'S', '2022-10-04 19:04:01'),
(727, 1, 11.2, 85.1, NULL, 99, 1021, NULL, 3, 204, NULL, '2022-10-04 20:01:01'),
(728, 3, 13.9, 82, 'Clear sky', 0, 1015.96, 0, 2.02322, 192, 'SSW', '2022-10-04 20:03:00'),
(729, 4, 12, 82, 'Clear', 0, 1020, 0, 13, 180, 'S', '2022-10-04 20:04:00'),
(730, 1, 11.1, 84.1, NULL, 100, 1020.5, NULL, 3.7, 197, NULL, '2022-10-04 21:01:00'),
(731, 3, 13.3, 83, 'Clear sky', 0, 1015.72, 0, 2.27802, 188, 'S', '2022-10-04 21:03:00'),
(732, 4, 12, 82, 'Clear', 0, 1020, 0, 13, 180, 'S', '2022-10-04 21:04:00'),
(733, 1, 11.2, 81.8, NULL, 99, 1020, NULL, 4.2, 205, NULL, '2022-10-04 22:01:00'),
(734, 3, 11.4, 85, 'Clear sky', 0, 1015.48, 0, 2.33948, 186, 'S', '2022-10-04 22:03:00'),
(735, 4, 11, 87, 'Clear', 0, 1020, 0, 11.2, 180, 'S', '2022-10-04 22:04:00'),
(736, 1, 11.1, 81.1, NULL, 100, 1019.7, NULL, 3.8, 208, NULL, '2022-10-04 23:01:00'),
(737, 3, 11.2, 85, 'Clear sky', 0, 1015.72, 0, 2.25575, 200, 'SSW', '2022-10-04 23:03:00'),
(738, 4, 11, 82, 'Clear', 0, 1020, 0, 15.1, 200, 'SSW', '2022-10-04 23:04:00'),
(739, 1, 24.9, 90.8, NULL, 77, 1010, NULL, 7.5, 176, NULL, '2022-10-05 00:01:00'),
(740, 4, 10, 87, 'Clear', 0, 1019, 0, 13, 190, 'S', '2022-10-05 00:04:00'),
(741, 1, 24.9, 91.1, NULL, 91, 1010.5, NULL, 7.4, 178, NULL, '2022-10-05 01:01:00'),
(742, 3, 10.4, 86, 'Clear sky', 0, 1014.62, 0, 2.26439, 205, 'SSW', '2022-10-05 01:03:00'),
(743, 4, 10, 87, 'Clear', 0, 1019, 0, 13, 200, 'SSW', '2022-10-05 01:04:00'),
(744, 1, 24.9, 90.9, NULL, 43, 1010.9, NULL, 7.3, 181, NULL, '2022-10-05 02:01:00'),
(745, 3, 10.2, 86, 'Clear sky', 0, 1014.53, 0, 2.05426, 214, 'SW', '2022-10-05 02:03:00'),
(746, 4, 9, 87, 'Clear', 0, 1019, 0, 11.2, 200, 'SSW', '2022-10-05 02:04:00'),
(747, 1, 25, 90.7, NULL, 63, 1011.4, NULL, 7.6, 180, NULL, '2022-10-05 03:01:00'),
(748, 3, 9.8, 87, 'Clear sky', 0, 1014.24, 0, 1.85364, 207, 'SSW', '2022-10-05 03:03:00'),
(749, 4, 9, 87, 'Clear', 0, 1019, 0, 9, 200, 'SSW', '2022-10-05 03:04:00'),
(750, 1, 25.1, 89.9, NULL, 78, 1011.8, NULL, 7.8, 179, NULL, '2022-10-05 04:01:00'),
(751, 3, 9.8, 86, 'Clear sky', 0, 1014.39, 0, 1.93186, 205, 'SSW', '2022-10-05 04:03:00'),
(752, 4, 8, 93, 'Clear', 0, 1019, 0, 9, 190, 'S', '2022-10-05 04:04:00'),
(753, 1, 25.1, 89.4, NULL, 100, 1012.3, NULL, 8, 178, NULL, '2022-10-05 05:01:00'),
(754, 3, 9.9, 84, 'Clear sky', 0, 1014.4, 0, 1.90202, 199, 'SSW', '2022-10-05 05:03:00'),
(755, 4, 9, 93, 'Clear', 0, 1018, 0, 13, 190, 'S', '2022-10-05 05:04:00'),
(756, 1, 25.2, 89.1, NULL, 100, 1012.5, NULL, 8, 180, NULL, '2022-10-05 06:01:00'),
(757, 3, 10.1, 84, 'Clear sky', 0, 1013.9, 0, 2.10944, 196, 'SSW', '2022-10-05 06:03:00'),
(758, 4, 10, 87, 'Sunny', 0, 1018, 0, 11.2, 210, 'SSW', '2022-10-05 06:04:00'),
(759, 1, 25.3, 88.9, NULL, 100, 1012.2, NULL, 7.3, 180, NULL, '2022-10-05 07:01:00'),
(760, 3, 10.9, 80, 'Clear sky', 0, 1013.85, 0, 2.16196, 203, 'SSW', '2022-10-05 07:03:00'),
(761, 4, 10, 87, 'Sunny', 0, 1018, 0, 16.9, 200, 'SSW', '2022-10-05 07:04:00'),
(762, 1, 25.4, 87.6, NULL, 95, 1011.3, NULL, 6.5, 183, NULL, '2022-10-05 08:01:00'),
(763, 3, 12.3, 76, 'Clear sky', 0, 1014.2, 0, 2.72686, 208, 'SSW', '2022-10-05 08:03:00'),
(764, 4, 12, 77, 'Sunny', 0, 1018, 0, 15.1, 200, 'SSW', '2022-10-05 08:04:00'),
(765, 1, 25.4, 87.6, NULL, 67, 1010.1, NULL, 6.6, 183, NULL, '2022-10-05 09:01:00'),
(766, 3, 14, 71, 'Clear sky', 0, 1014.17, 0, 2.75984, 203, 'SSW', '2022-10-05 09:03:05'),
(767, 4, 14, 72, 'Sunny', 0, 1018, 0, 20.2, 220, 'SW', '2022-10-05 09:04:00'),
(768, 1, 25.5, 87.3, NULL, 37, 1009.4, NULL, 7.1, 181, NULL, '2022-10-05 10:01:00'),
(769, 3, 15.8, 67, 'Clear sky', 0, 1013.88, 0, 3.06801, 212, 'SSW', '2022-10-05 10:03:00'),
(770, 4, 16, 68, 'Sunny', 0, 1018, 0, 24.1, 220, 'SW', '2022-10-05 10:04:00'),
(771, 1, 25.5, 87.3, NULL, 84, 1008.6, NULL, 7.5, 180, NULL, '2022-10-05 11:01:00'),
(772, 3, 15.6, 66, 'Clear sky', 0, 1013.2, 0, 3.33404, 210, 'SSW', '2022-10-05 11:03:00'),
(773, 4, 16, 68, 'Sunny', 0, 1017, 0, 24.1, 220, 'SW', '2022-10-05 11:04:00'),
(774, 1, 25.4, 88.3, NULL, 98, 1008.3, NULL, 7.5, 179, NULL, '2022-10-05 12:01:00'),
(775, 3, 17.8, 67, 'Clear sky', 0, 1012.79, 0, 3.40568, 215, 'SW', '2022-10-05 12:03:00'),
(776, 4, 17, 68, 'Sunny', 0, 1017, 0, 13, 240, 'WSW', '2022-10-05 12:04:00'),
(777, 1, 25.4, 89.3, NULL, 91, 1008.5, NULL, 7.6, 180, NULL, '2022-10-05 13:01:00'),
(778, 3, 19.4, 63, 'Clear sky', 0, 1012.37, 0, 3.75825, 214, 'SW', '2022-10-05 13:03:00'),
(779, 4, 19, 60, 'Sunny', 0, 1016, 0, 16.9, 230, 'SW', '2022-10-05 13:04:00'),
(780, 1, 25.4, 87.7, NULL, 59, 1008.7, NULL, 7.3, 175, NULL, '2022-10-05 14:01:00'),
(781, 3, 20.6, 63, 'Clear sky', 0, 1011.67, 0, 4.0029, 216, 'SW', '2022-10-05 14:03:00'),
(782, 4, 19, 56, 'Sunny', 0, 1016, 0, 28.1, 230, 'SW', '2022-10-05 14:04:02'),
(783, 1, 25.4, 87.9, NULL, 56, 1009.2, NULL, 7.4, 173, NULL, '2022-10-05 15:01:00'),
(784, 3, 18.9, 63, 'Few clouds', 17, 1011.43, 0, 3.60452, 217, 'SW', '2022-10-05 15:03:00'),
(785, 4, 19, 56, 'Sunny', 0, 1016, 0, 29.9, 230, 'SW', '2022-10-05 15:04:00'),
(786, 1, 25.4, 88.3, NULL, 44, 1010, NULL, 7.7, 173, NULL, '2022-10-05 16:01:00'),
(787, 3, 18.3, 70, 'Few clouds', 25, 1011.16, 0, 3.10099, 214, 'SW', '2022-10-05 16:03:00'),
(788, 4, 19, 56, 'Sunny', 0, 1015, 0, 22, 220, 'SW', '2022-10-05 16:04:00'),
(789, 1, 25.3, 89.5, NULL, 41, 1010.8, NULL, 7.6, 173, NULL, '2022-10-05 17:01:00'),
(790, 3, 17.8, 76, 'Clear sky', 0, 1011.37, 0, 2.40997, 209, 'SSW', '2022-10-05 17:03:00'),
(791, 4, 18, 64, 'Clear', 0, 1015, 0, 19.1, 210, 'SSW', '2022-10-05 17:04:00'),
(792, 1, 25.3, 89.5, NULL, 23, 1011.3, NULL, 7.3, 173, NULL, '2022-10-05 18:01:00'),
(793, 3, 16.7, 78, 'Few clouds', 40, 1011.25, 0, 2.69857, 209, 'SSW', '2022-10-05 18:03:00'),
(794, 4, 16, 72, 'Clear', 0, 1015, 0, 15.1, 190, 'S', '2022-10-05 18:04:00'),
(795, 1, 25.3, 89.5, NULL, 40, 1011.3, NULL, 6.7, 176, NULL, '2022-10-05 19:01:00'),
(796, 3, 15.6, 79, 'Clear sky', 0, 1011.8, 0, 3.13011, 215, 'SW', '2022-10-05 19:03:00'),
(797, 4, 15, 77, 'Clear', 0, 1015, 0, 11.2, 190, 'S', '2022-10-05 19:04:00');

-- --------------------------------------------------------

--
-- Tabellenstruktur f端r Tabelle `api_data_forecast`
--

CREATE TABLE `api_data_forecast` (
  `id` int(11) NOT NULL,
  `api_id` int(11) NOT NULL,
  `forecast_time` datetime NOT NULL,
  `temperatur` float DEFAULT NULL,
  `humidity` float DEFAULT NULL,
  `sky_description` varchar(100) DEFAULT NULL,
  `sky_clouds` int(3) DEFAULT NULL,
  `air_pressure` float DEFAULT NULL,
  `probability_of_precipitation` int(3) DEFAULT NULL,
  `wind_speed` float DEFAULT NULL,
  `wind_direction_deg` int(3) DEFAULT NULL,
  `wind_direction_name` varchar(30) DEFAULT NULL,
  `updated` timestamp NOT NULL DEFAULT current_timestamp()
) ENGINE=InnoDB DEFAULT CHARSET=utf8mb4;

--
-- Daten f端r Tabelle `api_data_forecast`
--

INSERT INTO `api_data_forecast` (`id`, `api_id`, `forecast_time`, `temperatur`, `humidity`, `sky_description`, `sky_clouds`, `air_pressure`, `probability_of_precipitation`, `wind_speed`, `wind_direction_deg`, `wind_direction_name`, `updated`) VALUES
(1, 3, '2022-10-05 03:00:00', 9.1, 94, 'Few clouds', 30, 1014.6, 0, 3.6, 206, 'SSW', '2022-10-04 22:04:00'),
(2, 3, '2022-10-05 06:00:00', 8.3, 93, 'Few clouds', 35, 1014.2, 0, 4.12, 206, 'SSW', '2022-10-04 22:04:00'),
(3, 2, '2022-10-05 00:00:00', 11.69, 76, 'scattered clouds', 29, 1013, 0, 3.18, 203, NULL, '2022-10-04 22:24:22'),
(4, 2, '2022-10-05 03:00:00', 24.63, 88, 'light rain', 72, 1011, 0, 6.11, 178, NULL, '2022-10-04 23:07:58'),
(5, 2, '2022-10-05 03:00:00', 24.63, 88, 'light rain', 72, 1011, 0, 6.11, 178, NULL, '2022-10-04 23:13:00'),
(6, 2, '2022-10-05 03:00:00', 24.63, 88, 'light rain', 72, 1011, 0, 6.11, 178, NULL, '2022-10-04 23:14:06'),
(7, 2, '2022-10-05 03:00:00', 24.63, 88, 'light rain', 72, 1011, 0, 6.11, 178, NULL, '2022-10-04 23:17:43'),
(8, 2, '2022-10-05 03:00:00', 24.63, 88, 'light rain', 72, 1011, 0, 6.11, 178, NULL, '2022-10-04 23:19:12'),
(9, 2, '2022-10-05 06:00:00', 24.93, 85, 'light rain', 86, 1012, 0, 5.68, 179, NULL, '2022-10-04 23:19:12'),
(10, 2, '2022-10-05 06:00:00', 24.9, 85, 'light rain', 88, 1012, 0, 5.81, 176, NULL, '2022-10-05 01:12:00'),
(11, 2, '2022-10-05 09:00:00', 25.18, 86, 'overcast clouds', 100, 1010, 0, 5.76, 178, NULL, '2022-10-05 01:12:00'),
(12, 3, '2022-10-05 06:00:00', 8.6, 95, 'Few clouds', 34, 1014.7, 0, 4.12, 205, 'SSW', '2022-10-05 01:13:00'),
(13, 3, '2022-10-05 09:00:00', 10.3, 88, 'Few clouds', 57, 1014.3, 0, 3.6, 204, 'SSW', '2022-10-05 01:13:00'),
(14, 2, '2022-10-05 09:00:00', 25.05, 86, 'overcast clouds', 100, 1011, 0, 5.76, 178, NULL, '2022-10-05 04:12:00'),
(15, 2, '2022-10-05 12:00:00', 25.45, 84, 'overcast clouds', 100, 1009, 0, 6.01, 179, NULL, '2022-10-05 04:12:00'),
(16, 3, '2022-10-05 09:00:00', 10.4, 86, 'Scattered clouds', 60, 1013.9, 0, 3.6, 201, 'SSW', '2022-10-05 04:13:00'),
(17, 3, '2022-10-05 12:00:00', 16, 65, 'Few clouds', 51, 1014, 0, 4.12, 213, 'SSW', '2022-10-05 04:13:00'),
(18, 2, '2022-10-05 12:00:00', 25.43, 85, 'overcast clouds', 100, 1010, 0, 5.99, 178, NULL, '2022-10-05 07:12:00'),
(19, 2, '2022-10-05 15:00:00', 25.19, 88, 'overcast clouds', 99, 1010, 0, 7.4, 167, NULL, '2022-10-05 07:12:00'),
(20, 3, '2022-10-05 12:00:00', 16.1, 64, 'Few clouds', 50, 1014.2, 0, 3.6, 213, 'SSW', '2022-10-05 07:13:00'),
(21, 3, '2022-10-05 15:00:00', 18.9, 56, 'Few clouds', 44, 1012.5, 0, 4.63, 214, 'SW', '2022-10-05 07:13:00'),
(22, 2, '2022-10-05 15:00:00', 25.19, 88, 'overcast clouds', 99, 1010, 0, 7.4, 167, NULL, '2022-10-05 10:12:00'),
(23, 2, '2022-10-05 18:00:00', 24.83, 90, 'overcast clouds', 100, 1011, 0, 7.42, 172, NULL, '2022-10-05 10:12:00'),
(24, 3, '2022-10-05 15:00:00', 18.4, 58, 'Few clouds', 51, 1012.5, 0, 4.63, 211, 'SSW', '2022-10-05 10:13:00'),
(25, 3, '2022-10-05 18:00:00', 17.2, 65, 'Few clouds', 39, 1011.2, 0, 4.63, 206, 'SSW', '2022-10-05 10:13:00'),
(26, 2, '2022-10-05 18:00:00', 24.79, 90, 'overcast clouds', 88, 1010, 0, 7.45, 176, NULL, '2022-10-05 13:12:00'),
(27, 2, '2022-10-05 21:00:00', 24.66, 89, 'overcast clouds', 100, 1010, 0, 6.32, 183, NULL, '2022-10-05 13:12:00'),
(28, 3, '2022-10-05 18:00:00', 17.2, 65, 'Few clouds', 40, 1011.2, 0, 4.63, 209, 'SSW', '2022-10-05 13:13:00'),
(29, 3, '2022-10-05 21:00:00', 14.1, 81, 'Few clouds', 19, 1011.9, 0, 4.63, 208, 'SSW', '2022-10-05 13:13:00'),
(30, 2, '2022-10-05 21:00:00', 24.68, 89, 'overcast clouds', 91, 1010, 0, 6.32, 183, NULL, '2022-10-05 16:12:00'),
(31, 2, '2022-10-06 00:00:00', 24.74, 86, 'overcast clouds', 97, 1010, 0, 4.15, 196, NULL, '2022-10-05 16:12:00'),
(32, 3, '2022-10-05 21:00:00', 14.1, 79, 'Few clouds', 13, 1012.2, 0, 4.63, 207, 'SSW', '2022-10-05 16:13:00'),
(33, 3, '2022-10-06 00:00:00', 13.2, 86, 'Clear Sky', 10, 1013.6, 0, 4.63, 220, 'SW', '2022-10-05 16:13:00');

-- --------------------------------------------------------

--
-- Tabellenstruktur f端r Tabelle `compare_data`
--

CREATE TABLE `compare_data` (
  `id` int(11) NOT NULL,
  `api_id` int(11) NOT NULL,
  `temp` float NOT NULL,
  `diff_temp` varchar(4) DEFAULT NULL,
  `humi` float DEFAULT NULL,
  `diff_humi` varchar(4) DEFAULT NULL,
  `updated` timestamp NOT NULL DEFAULT current_timestamp() ON UPDATE current_timestamp()
) ENGINE=InnoDB DEFAULT CHARSET=utf8;

--
-- Daten f端r Tabelle `compare_data`
--

INSERT INTO `compare_data` (`id`, `api_id`, `temp`, `diff_temp`, `humi`, `diff_humi`, `updated`) VALUES
(1, 1, 4.1, 'down', 19.9, 'up', '2022-09-28 20:54:32'),
(2, 3, 2.1, 'down', 15, 'up', '2022-09-28 20:54:32'),
(3, 1, 4.1, 'down', 19.9, 'up', '2022-09-28 20:54:32'),
(4, 4, 2.5, 'down', 12, 'up', '2022-09-28 20:54:32'),
(5, 2, 2.53, 'down', 11, 'up', '2022-09-28 20:54:32'),
(6, 1, 4.5, 'down', 19.5, 'up', '2022-09-28 21:05:00'),
(7, 3, 2, 'down', 15, 'up', '2022-09-28 21:05:00'),
(8, 2, 3.05, 'down', 11, 'up', '2022-09-28 21:05:00'),
(9, 4, 3.4, 'down', 17, 'up', '2022-09-28 21:05:00'),
(10, 1, 4.4, 'down', 18.5, 'up', '2022-09-28 22:05:00'),
(11, 3, 1.9, 'down', 14, 'up', '2022-09-28 22:05:00'),
(12, 4, 3.3, 'down', 16, 'up', '2022-09-28 22:05:00'),
(13, 2, 3, 'down', 11, 'up', '2022-09-28 22:05:00'),
(14, 1, 6.1, 'down', 21.1, 'up', '2022-09-28 23:05:00'),
(15, 3, 1.9, 'down', 14, 'up', '2022-09-28 23:05:00'),
(16, 2, 3.15, 'down', 11, 'up', '2022-09-28 23:05:00'),
(17, 4, 3.3, 'down', 16, 'up', '2022-09-28 23:05:00'),
(18, 1, 6.6, 'down', 21.6, 'up', '2022-09-29 00:05:00'),
(19, 3, 2.4, 'down', 15, 'up', '2022-09-29 00:05:00'),
(20, 2, 3.39, 'down', 11, 'up', '2022-09-29 00:05:00'),
(21, 4, 5.3, 'down', 23, 'up', '2022-09-29 00:05:00'),
(22, 1, 6.8, 'down', 22.2, 'up', '2022-09-29 01:05:00'),
(23, 3, 2.4, 'down', 16, 'up', '2022-09-29 01:05:00'),
(24, 2, 3.27, 'down', 11, 'up', '2022-09-29 01:05:00'),
(25, 4, 4.3, 'down', 16, 'up', '2022-09-29 01:05:00'),
(26, 1, 6.8, 'down', 22.2, 'up', '2022-09-29 01:29:17'),
(27, 3, 2.4, 'down', 16, 'up', '2022-09-29 01:29:17'),
(28, 2, 3.27, 'down', 11, 'up', '2022-09-29 01:29:17'),
(29, 4, 4.3, 'down', 16, 'up', '2022-09-29 01:29:17'),
(30, 1, 5.6, 'down', 19.9, 'up', '2022-09-29 02:05:00'),
(31, 3, 1.9, 'down', 15, 'up', '2022-09-29 02:05:00'),
(32, 2, 2.39, 'down', 8, 'up', '2022-09-29 02:05:00'),
(33, 4, 5.2, 'down', 21, 'up', '2022-09-29 02:05:00'),
(34, 1, 5.4, 'down', 19.4, 'up', '2022-09-29 03:05:00'),
(35, 3, 1.8, 'down', 16, 'up', '2022-09-29 03:05:00'),
(36, 2, 2.54, 'down', 8, 'up', '2022-09-29 03:05:00'),
(37, 4, 5.1, 'down', 20, 'up', '2022-09-29 03:05:00'),
(38, 1, 6.2, 'down', 19.6, 'up', '2022-09-29 04:05:00'),
(39, 3, 1.8, 'down', 16, 'up', '2022-09-29 04:05:00'),
(40, 2, 2.55, 'down', 9, 'up', '2022-09-29 04:05:00'),
(41, 4, 4.1, 'down', 13, 'up', '2022-09-29 04:05:00'),
(42, 1, 6.5, 'down', 18.8, 'up', '2022-09-29 05:05:00'),
(43, 3, 2, 'down', 17, 'up', '2022-09-29 05:05:00'),
(44, 2, 2.92, 'down', 10, 'up', '2022-09-29 05:05:00'),
(45, 4, 4.3, 'down', 20, 'up', '2022-09-29 05:05:00'),
(46, 1, 5.1, 'down', 14.2, 'up', '2022-09-29 06:05:00'),
(47, 3, 2.2, 'down', 16, 'up', '2022-09-29 06:05:00'),
(48, 2, 2.73, 'down', 13, 'up', '2022-09-29 06:05:00'),
(49, 4, 4.5, 'down', 20, 'up', '2022-09-29 06:05:00'),
(50, 1, 3.4, 'down', 10, 'up', '2022-09-29 07:05:00'),
(51, 3, 1.7, 'down', 11, 'up', '2022-09-29 07:05:00'),
(52, 2, 2.51, 'down', 10, 'up', '2022-09-29 07:05:00'),
(53, 4, 3.6, 'down', 14, 'up', '2022-09-29 07:05:00'),
(54, 1, 1.1, 'down', 1.5, 'down', '2022-09-29 08:05:00'),
(55, 3, 1.7, 'down', 5, 'up', '2022-09-29 08:05:00'),
(56, 2, 1.53, 'down', 8, 'up', '2022-09-29 08:05:00'),
(57, 4, 2.6, 'down', 14, 'up', '2022-09-29 08:05:00'),
(58, 1, 0.2, 'up', 8.4, 'down', '2022-09-29 09:05:00'),
(59, 3, 1.6, 'down', 1, 'down', '2022-09-29 09:05:00'),
(60, 4, 2, 'down', 9, 'up', '2022-09-29 09:05:00'),
(61, 2, 1.01, 'down', 7, 'up', '2022-09-29 09:05:00'),
(62, 1, 0.9, 'up', 14.1, 'down', '2022-09-29 10:05:00'),
(63, 3, 0.9, 'down', 10, 'down', '2022-09-29 10:05:00'),
(64, 2, 0.65, 'up', 1, 'up', '2022-09-29 10:05:00'),
(65, 4, 1.5, 'down', 10, 'up', '2022-09-29 10:05:00'),
(66, 1, 1.4, 'up', 16.8, 'down', '2022-09-29 11:05:00'),
(67, 3, 0.5, 'up', 16, 'down', '2022-09-29 11:05:00'),
(68, 2, 1.39, 'up', 3, 'up', '2022-09-29 11:05:00'),
(69, 4, 0.7, 'down', 7, 'up', '2022-09-29 11:05:00'),
(70, 1, 1.8, 'up', 18.7, 'down', '2022-09-29 12:05:00'),
(71, 3, 0.8, 'up', 16, 'down', '2022-09-29 12:05:00'),
(72, 2, 1.86, 'up', 3, 'down', '2022-09-29 12:05:00'),
(73, 4, 0, 'down', 4, 'up', '2022-09-29 12:05:00'),
(74, 1, 2.2, 'up', 19.5, 'down', '2022-09-29 13:05:00'),
(75, 3, 0.8, 'up', 18, 'down', '2022-09-29 13:05:00'),
(76, 2, 1.84, 'up', 4, 'down', '2022-09-29 13:05:00'),
(77, 4, 2, 'up', 8, 'down', '2022-09-29 13:05:00'),
(78, 1, 1.2, 'up', 11.6, 'down', '2022-09-29 14:05:00'),
(79, 3, 0.9, 'up', 17, 'down', '2022-09-29 14:05:00'),
(80, 2, 2.17, 'up', 6, 'down', '2022-09-29 14:05:00'),
(81, 4, 1.6, 'up', 11, 'down', '2022-09-29 14:05:00'),
(82, 1, 0.9, 'up', 2, 'up', '2022-09-29 15:05:00'),
(83, 3, 0.9, 'up', 15, 'down', '2022-09-29 15:05:00'),
(84, 2, 1.57, 'up', 7, 'down', '2022-09-29 15:05:00'),
(85, 4, 0.6, 'up', 2, 'down', '2022-09-29 15:05:00'),
(86, 1, 0, 'opt', 9.6, 'up', '2022-09-29 16:05:00'),
(87, 3, 0.8, 'up', 6, 'down', '2022-09-29 16:05:00'),
(88, 2, 1.06, 'up', 1, 'down', '2022-09-29 16:05:00'),
(89, 4, 0.5, 'down', 0, 'down', '2022-09-29 16:05:00'),
(90, 1, 2.5, 'down', 12.6, 'up', '2022-09-29 17:05:00'),
(91, 3, 0.3, 'up', 2, 'down', '2022-09-29 17:05:00'),
(92, 2, 0.11, 'down', 5, 'up', '2022-09-29 17:05:00'),
(93, 4, 0.5, 'down', 3, 'up', '2022-09-29 17:05:00'),
(94, 3, 0.6, 'down', 6, 'up', '2022-09-29 18:05:00'),
(95, 1, 3.6, 'down', 13.6, 'up', '2022-09-29 18:05:00'),
(96, 2, 0.68, 'down', 2, 'down', '2022-09-29 18:05:00'),
(97, 4, 2.3, 'down', 6, 'up', '2022-09-29 18:05:00'),
(98, 1, 4.3, 'down', 14.2, 'up', '2022-09-29 19:05:00'),
(99, 3, 0.8, 'down', 10, 'up', '2022-09-29 19:05:00'),
(100, 2, 0.95, 'down', 4, 'down', '2022-09-29 19:05:00'),
(101, 4, 1.9, 'down', 10, 'up', '2022-09-29 19:05:00'),
(102, 1, 4, 'down', 8.3, 'up', '2022-09-29 20:05:00'),
(103, 3, 1, 'down', 9, 'up', '2022-09-29 20:05:00'),
(104, 4, 4.6, 'down', 19, 'up', '2022-09-29 20:05:00'),
(105, 2, 1.22, 'down', 3, 'down', '2022-09-29 20:05:00'),
(106, 1, 4.5, 'down', 9.6, 'up', '2022-09-29 21:05:00'),
(107, 3, 1.9, 'down', 10, 'up', '2022-09-29 21:05:00'),
(108, 2, 1.49, 'down', 1, 'down', '2022-09-29 21:05:00'),
(109, 4, 5.3, 'down', 25, 'up', '2022-09-29 21:05:00'),
(110, 1, 4.6, 'down', 12.5, 'up', '2022-09-29 22:05:00'),
(111, 3, 2, 'down', 11, 'up', '2022-09-29 22:05:00'),
(112, 2, 1.63, 'down', 2, 'down', '2022-09-29 22:05:00'),
(113, 4, 4.9, 'down', 17, 'up', '2022-09-29 22:05:00'),
(114, 1, 5, 'down', 13.6, 'up', '2022-09-29 23:05:00'),
(115, 3, 2.3, 'down', 13, 'up', '2022-09-29 23:05:00'),
(116, 2, 2.19, 'down', 1, 'up', '2022-09-29 23:05:00'),
(117, 4, 5.6, 'down', 24, 'up', '2022-09-29 23:05:00'),
(118, 1, 5.1, 'down', 16.1, 'up', '2022-09-30 00:05:00'),
(119, 3, 2.1, 'down', 15, 'up', '2022-09-30 00:05:00'),
(120, 2, 1.65, 'down', 1, 'down', '2022-09-30 00:05:00'),
(121, 4, 5.4, 'down', 17, 'up', '2022-09-30 00:05:00'),
(122, 1, 5.4, 'down', 16.3, 'up', '2022-09-30 01:05:00'),
(123, 3, 3.8, 'down', 15, 'up', '2022-09-30 01:05:00'),
(124, 2, 2.28, 'down', 3, 'up', '2022-09-30 01:05:00'),
(125, 4, 5, 'down', 23, 'up', '2022-09-30 01:05:00'),
(126, 1, 5.7, 'down', 18.4, 'up', '2022-09-30 02:05:00'),
(127, 3, 3.9, 'down', 16, 'up', '2022-09-30 02:05:00'),
(128, 2, 2.67, 'down', 6, 'up', '2022-09-30 02:05:00'),
(129, 4, 5.7, 'down', 23, 'up', '2022-09-30 02:05:00'),
(130, 1, 5.5, 'down', 19, 'up', '2022-09-30 03:05:00'),
(131, 3, 2.8, 'down', 17, 'up', '2022-09-30 03:05:00'),
(132, 2, 2.57, 'down', 5, 'up', '2022-09-30 03:05:00'),
(133, 4, 5.5, 'down', 23, 'up', '2022-09-30 03:05:00'),
(134, 1, 5.2, 'down', 19.9, 'up', '2022-09-30 04:05:00'),
(135, 3, 2.8, 'down', 17, 'up', '2022-09-30 04:05:00'),
(136, 2, 2.46, 'down', 4, 'up', '2022-09-30 04:05:00'),
(137, 4, 5.1, 'down', 16, 'up', '2022-09-30 04:05:00'),
(138, 1, 5.7, 'down', 16.9, 'up', '2022-09-30 05:05:00'),
(139, 3, 2.8, 'down', 18, 'up', '2022-09-30 05:05:00'),
(140, 2, 2.43, 'down', 4, 'up', '2022-09-30 05:05:00'),
(141, 4, 6, 'down', 23, 'up', '2022-09-30 05:05:00'),
(142, 1, 3.7, 'down', 7, 'up', '2022-09-30 06:05:00'),
(143, 3, 2.5, 'down', 16, 'up', '2022-09-30 06:05:00'),
(144, 2, 2, 'down', 2, 'up', '2022-09-30 06:05:00'),
(145, 4, 4.9, 'down', 22, 'up', '2022-09-30 06:05:00'),
(146, 1, 1.4, 'down', 0.4, 'down', '2022-09-30 07:05:00'),
(147, 3, 2.9, 'down', 9, 'up', '2022-09-30 07:05:00'),
(148, 2, 0.56, 'down', 0, 'down', '2022-09-30 07:05:00'),
(149, 4, 4.2, 'down', 22, 'up', '2022-09-30 07:05:00'),
(150, 1, 0.8, 'up', 10.3, 'down', '2022-09-30 08:05:00'),
(151, 3, 1.4, 'down', 1, 'down', '2022-09-30 08:05:00'),
(152, 2, 1.88, 'up', 0, 'down', '2022-09-30 08:05:00'),
(153, 4, 1.7, 'down', 8, 'up', '2022-09-30 08:05:00'),
(154, 1, 2.7, 'up', 18.3, 'down', '2022-09-30 09:05:00'),
(155, 3, 0.9, 'up', 10, 'down', '2022-09-30 09:05:00'),
(156, 2, 3.22, 'up', 6, 'down', '2022-09-30 09:05:00'),
(157, 4, 0.8, 'up', 2, 'up', '2022-09-30 09:05:00'),
(158, 1, 4, 'up', 23.5, 'down', '2022-09-30 10:05:00'),
(159, 3, 2.3, 'up', 16, 'down', '2022-09-30 10:05:00'),
(160, 2, 4.79, 'up', 13, 'down', '2022-09-30 10:05:00'),
(161, 4, 3.5, 'up', 7, 'down', '2022-09-30 10:05:00'),
(162, 1, 4.5, 'up', 26.6, 'down', '2022-09-30 11:05:00'),
(163, 3, 5.8, 'up', 22, 'down', '2022-09-30 11:05:00'),
(164, 2, 5.25, 'up', 15, 'down', '2022-09-30 11:05:00'),
(165, 4, 4.1, 'up', 15, 'down', '2022-09-30 11:05:00'),
(166, 1, 4.6, 'up', 27.4, 'down', '2022-09-30 12:05:00'),
(167, 3, 5.9, 'up', 27, 'down', '2022-09-30 12:05:00'),
(168, 2, 5.57, 'up', 19, 'down', '2022-09-30 12:05:00'),
(169, 4, 4.7, 'up', 18, 'down', '2022-09-30 12:05:00'),
(170, 1, 4.5, 'up', 24, 'down', '2022-09-30 13:05:00'),
(171, 3, 6.1, 'up', 28, 'down', '2022-09-30 13:05:00'),
(172, 2, 5.41, 'up', 17, 'down', '2022-09-30 13:05:00'),
(173, 4, 4.3, 'up', 22, 'down', '2022-09-30 13:05:00'),
(174, 2, 5.47, 'up', 26, 'down', '2022-09-30 14:05:00'),
(175, 1, 4.1, 'up', 28.5, 'down', '2022-09-30 14:05:00'),
(176, 3, 5.2, 'up', 34, 'down', '2022-09-30 14:05:00'),
(177, 4, 5, 'up', 27, 'down', '2022-09-30 14:05:00'),
(178, 1, 3.4, 'up', 13.3, 'down', '2022-09-30 15:05:00'),
(179, 3, 4.5, 'up', 31, 'down', '2022-09-30 15:05:00'),
(180, 2, 4.54, 'up', 24, 'down', '2022-09-30 15:05:00'),
(181, 4, 4.8, 'up', 26, 'down', '2022-09-30 15:05:00'),
(182, 1, 1.3, 'up', 5.8, 'down', '2022-09-30 16:05:00'),
(183, 3, 3.6, 'up', 25, 'down', '2022-09-30 16:05:00'),
(184, 4, 3.5, 'up', 25, 'down', '2022-09-30 16:05:00'),
(185, 2, 3.72, 'up', 19, 'down', '2022-09-30 16:05:00'),
(186, 1, 1, 'down', 7.4, 'down', '2022-09-30 17:05:00'),
(187, 3, 3.2, 'up', 18, 'down', '2022-09-30 17:05:00'),
(188, 2, 1.72, 'up', 8, 'down', '2022-09-30 17:05:00'),
(189, 4, 2.6, 'up', 20, 'down', '2022-09-30 17:05:00'),
(190, 1, 1.7, 'down', 0.5, 'down', '2022-09-30 18:05:00'),
(191, 3, 0.8, 'up', 6, 'down', '2022-09-30 18:05:00'),
(192, 2, 0.23, 'down', 0, 'down', '2022-09-30 18:05:00'),
(193, 4, 0.5, 'up', 8, 'down', '2022-09-30 18:05:00'),
(194, 1, 2, 'down', 7.4, 'up', '2022-09-30 19:05:00'),
(195, 3, 0.3, 'down', 4, 'up', '2022-09-30 19:05:00'),
(196, 2, 1.55, 'down', 5, 'up', '2022-09-30 19:05:00'),
(197, 4, 0.5, 'down', 2, 'down', '2022-09-30 19:05:00'),
(198, 1, 3.1, 'down', 14.4, 'up', '2022-09-30 20:05:00'),
(199, 3, 0.7, 'down', 7, 'up', '2022-09-30 20:05:00'),
(200, 2, 1.6, 'down', 5, 'up', '2022-09-30 20:05:00'),
(201, 4, 1.4, 'down', 3, 'up', '2022-09-30 20:05:00'),
(202, 1, 3.4, 'down', 15.5, 'up', '2022-09-30 21:05:00'),
(203, 3, 1, 'down', 7, 'up', '2022-09-30 21:05:00'),
(204, 2, 1.26, 'down', 1, 'up', '2022-09-30 21:05:00'),
(205, 4, 3.1, 'down', 8, 'up', '2022-09-30 21:05:00'),
(206, 1, 3.3, 'down', 15.1, 'up', '2022-09-30 22:05:00'),
(207, 3, 1.2, 'down', 7, 'up', '2022-09-30 22:05:00'),
(208, 2, 1.35, 'down', 1, 'up', '2022-09-30 22:05:00'),
(209, 4, 1.8, 'down', 2, 'up', '2022-09-30 22:05:00'),
(210, 1, 3.1, 'down', 14.5, 'up', '2022-09-30 23:05:00'),
(211, 3, 0.8, 'down', 10, 'up', '2022-09-30 23:05:00'),
(212, 2, 1.31, 'down', 2, 'up', '2022-09-30 23:05:00'),
(213, 4, 4.4, 'down', 18, 'up', '2022-09-30 23:05:00'),
(214, 1, 3, 'down', 15.3, 'up', '2022-10-01 00:05:00'),
(215, 2, 1.73, 'down', 3, 'up', '2022-10-01 00:05:00'),
(216, 3, 1.8, 'down', 12, 'up', '2022-10-01 00:05:00'),
(217, 4, 3.2, 'down', 12, 'up', '2022-10-01 00:05:00'),
(218, 1, 3.3, 'down', 16, 'up', '2022-10-01 01:05:00'),
(219, 3, 1.8, 'down', 12, 'up', '2022-10-01 01:05:00'),
(220, 2, 2.32, 'down', 4, 'up', '2022-10-01 01:05:00'),
(221, 4, 4.2, 'down', 12, 'up', '2022-10-01 01:05:00'),
(222, 1, 3, 'down', 15.4, 'up', '2022-10-01 02:05:00'),
(223, 3, 1.1, 'down', 11, 'up', '2022-10-01 02:05:00'),
(224, 2, 1.86, 'down', 5, 'up', '2022-10-01 02:05:00'),
(225, 4, 4.5, 'down', 17, 'up', '2022-10-01 02:05:00'),
(226, 1, 2.7, 'down', 10.3, 'up', '2022-10-01 03:05:00'),
(227, 3, 1.4, 'down', 8, 'up', '2022-10-01 03:05:00'),
(228, 2, 2.07, 'down', 8, 'up', '2022-10-01 03:05:00'),
(229, 4, 3.3, 'down', 16, 'up', '2022-10-01 03:05:00'),
(230, 1, 2.3, 'down', 9.1, 'up', '2022-10-01 04:05:00'),
(231, 3, 1.4, 'down', 7, 'up', '2022-10-01 04:05:00'),
(232, 2, 2.05, 'down', 8, 'up', '2022-10-01 04:05:00'),
(233, 4, 3.3, 'down', 17, 'up', '2022-10-01 04:05:00'),
(234, 1, 1.9, 'down', 6.6, 'up', '2022-10-01 05:05:00'),
(235, 3, 1.9, 'down', 8, 'up', '2022-10-01 05:05:00'),
(236, 2, 2.06, 'down', 10, 'up', '2022-10-01 05:05:00'),
(237, 4, 2.2, 'down', 11, 'up', '2022-10-01 05:05:00'),
(238, 1, 1.5, 'down', 3, 'up', '2022-10-01 06:05:00'),
(239, 3, 2, 'down', 7, 'up', '2022-10-01 06:05:00'),
(240, 2, 1.99, 'down', 10, 'up', '2022-10-01 06:05:00'),
(241, 4, 3.4, 'down', 18, 'up', '2022-10-01 06:05:00'),
(242, 1, 0.3, 'down', 0.8, 'up', '2022-10-01 07:05:00'),
(243, 3, 1.1, 'down', 4, 'up', '2022-10-01 07:05:00'),
(244, 2, 1.36, 'down', 6, 'up', '2022-10-01 07:05:00'),
(245, 4, 2.6, 'down', 12, 'up', '2022-10-01 07:05:00'),
(246, 1, 0.3, 'up', 7.2, 'down', '2022-10-01 08:05:00'),
(247, 3, 0.3, 'down', 1, 'down', '2022-10-01 08:05:00'),
(248, 2, 1.05, 'down', 3, 'up', '2022-10-01 08:05:00'),
(249, 4, 2, 'down', 11, 'up', '2022-10-01 08:05:00'),
(250, 1, 1.2, 'up', 4.7, 'down', '2022-10-01 09:05:00'),
(251, 3, 0.6, 'up', 6, 'down', '2022-10-01 09:05:00'),
(252, 2, 0.33, 'down', 5, 'up', '2022-10-01 09:05:00'),
(253, 4, 0.4, 'down', 0, 'down', '2022-10-01 09:05:00'),
(254, 1, 0.6, 'up', 8.6, 'up', '2022-10-01 10:05:00'),
(255, 3, 0.2, 'up', 4, 'down', '2022-10-01 10:05:00'),
(256, 4, 0, 'down', 2, 'up', '2022-10-01 10:05:00'),
(257, 2, 0.68, 'up', 2, 'up', '2022-10-01 10:05:00'),
(258, 1, 0.8, 'down', 6.3, 'up', '2022-10-01 11:05:00'),
(259, 3, 0.3, 'down', 1, 'down', '2022-10-01 11:05:00'),
(260, 2, 0.42, 'down', 3, 'up', '2022-10-01 11:05:00'),
(261, 4, 0, 'down', 4, 'down', '2022-10-01 11:05:00'),
(262, 1, 1.1, 'down', 2.6, 'up', '2022-10-01 12:05:00'),
(263, 3, 0.9, 'down', 0, 'down', '2022-10-01 12:05:00'),
(264, 2, 0.88, 'down', 7, 'up', '2022-10-01 12:05:00'),
(265, 4, 1, 'down', 4, 'up', '2022-10-01 12:05:00'),
(266, 1, 0.8, 'down', 0.1, 'up', '2022-10-01 13:05:00'),
(267, 3, 0.9, 'down', 0, 'down', '2022-10-01 13:05:00'),
(268, 2, 0.86, 'down', 6, 'up', '2022-10-01 13:05:00'),
(269, 4, 1, 'down', 2, 'up', '2022-10-01 13:05:00'),
(270, 1, 0.1, 'up', 4.5, 'down', '2022-10-01 14:05:00'),
(271, 3, 1.5, 'down', 0, 'down', '2022-10-01 14:05:00'),
(272, 2, 0.92, 'down', 7, 'up', '2022-10-01 14:05:00'),
(273, 4, 1.1, 'down', 9, 'up', '2022-10-01 14:05:00'),
(274, 1, 1, 'up', 3.7, 'down', '2022-10-01 15:05:00'),
(275, 3, 1.2, 'down', 5, 'down', '2022-10-01 15:05:00'),
(276, 2, 0.42, 'down', 6, 'up', '2022-10-01 15:05:00'),
(277, 4, 0.3, 'down', 2, 'up', '2022-10-01 15:05:00'),
(278, 1, 0.6, 'up', 0.1, 'down', '2022-10-01 16:05:00'),
(279, 3, 0.7, 'down', 5, 'down', '2022-10-01 16:05:00'),
(280, 2, 0.16, 'down', 4, 'up', '2022-10-01 16:05:00'),
(281, 4, 0.6, 'up', 5, 'down', '2022-10-01 16:05:00'),
(282, 1, 0.5, 'down', 0.1, 'up', '2022-10-01 17:05:00'),
(283, 3, 0.6, 'down', 1, 'up', '2022-10-01 17:05:00'),
(284, 2, 0.59, 'down', 2, 'up', '2022-10-01 17:05:00'),
(285, 4, 0.3, 'down', 1, 'up', '2022-10-01 17:05:00'),
(286, 1, 0.9, 'down', 6.6, 'down', '2022-10-01 18:05:00'),
(287, 3, 0.6, 'down', 3, 'up', '2022-10-01 18:05:00'),
(288, 4, 1.3, 'down', 7, 'up', '2022-10-01 18:05:00'),
(289, 2, 0.8, 'down', 5, 'up', '2022-10-01 18:05:00'),
(290, 3, 0.8, 'down', 4, 'up', '2022-10-01 19:05:00'),
(291, 1, 0.4, 'down', 2, 'down', '2022-10-01 19:05:00'),
(292, 4, 0.5, 'down', 1, 'up', '2022-10-01 19:05:00'),
(293, 2, 0.47, 'down', 5, 'up', '2022-10-01 19:05:00'),
(294, 1, 0.7, 'down', 5.2, 'down', '2022-10-01 20:05:00'),
(295, 3, 0.5, 'down', 2, 'up', '2022-10-01 20:05:00'),
(296, 2, 0.56, 'down', 4, 'up', '2022-10-01 20:05:00'),
(297, 4, 0.7, 'down', 0, 'down', '2022-10-01 20:05:00'),
(298, 1, 1.1, 'down', 1.3, 'up', '2022-10-01 21:05:00'),
(299, 3, 0.8, 'down', 2, 'up', '2022-10-01 21:05:00'),
(300, 2, 1.2, 'down', 8, 'up', '2022-10-01 21:05:00'),
(301, 4, 1.5, 'down', 9, 'up', '2022-10-01 21:05:00'),
(302, 1, 1.3, 'down', 3.4, 'up', '2022-10-01 22:05:00'),
(303, 3, 1.1, 'down', 0, 'down', '2022-10-01 22:05:00'),
(304, 2, 1.48, 'down', 5, 'up', '2022-10-01 22:05:00'),
(305, 4, 2.2, 'down', 9, 'up', '2022-10-01 22:05:00'),
(306, 1, 1.5, 'down', 5.4, 'up', '2022-10-01 23:05:00'),
(307, 3, 1.6, 'down', 0, 'down', '2022-10-01 23:05:00'),
(308, 2, 1.66, 'down', 3, 'up', '2022-10-01 23:05:00'),
(309, 4, 2.2, 'down', 9, 'up', '2022-10-01 23:05:00'),
(310, 1, 1.6, 'down', 5.8, 'up', '2022-10-02 00:05:00'),
(311, 3, 1.5, 'down', 5, 'up', '2022-10-02 00:05:00'),
(312, 2, 1.81, 'down', 5, 'up', '2022-10-02 00:05:00'),
(313, 4, 2.1, 'down', 9, 'up', '2022-10-02 00:05:00'),
(314, 1, 1.7, 'down', 6.3, 'up', '2022-10-02 01:05:00'),
(315, 3, 1.5, 'down', 4, 'up', '2022-10-02 01:05:00'),
(316, 2, 1.65, 'down', 6, 'up', '2022-10-02 01:05:00'),
(317, 4, 2.1, 'down', 10, 'up', '2022-10-02 01:05:00'),
(318, 1, 1.8, 'down', 4.9, 'up', '2022-10-02 02:05:00'),
(319, 3, 0.8, 'down', 3, 'up', '2022-10-02 02:05:00'),
(320, 2, 1.8, 'down', 6, 'up', '2022-10-02 02:05:00'),
(321, 4, 2.1, 'down', 10, 'up', '2022-10-02 02:05:00'),
(322, 1, 1.8, 'down', 5.3, 'up', '2022-10-02 03:05:00'),
(323, 3, 1.4, 'down', 6, 'up', '2022-10-02 03:05:00'),
(324, 2, 2.1, 'down', 7, 'up', '2022-10-02 03:05:00'),
(325, 4, 3, 'down', 10, 'up', '2022-10-02 03:05:00'),
(326, 1, 1.7, 'down', 5.9, 'up', '2022-10-02 04:05:00'),
(327, 3, 1.2, 'down', 7, 'up', '2022-10-02 04:05:00'),
(328, 2, 2.17, 'down', 7, 'up', '2022-10-02 04:05:00'),
(329, 4, 2.8, 'down', 10, 'up', '2022-10-02 04:05:00'),
(330, 1, 1.8, 'down', 4.3, 'up', '2022-10-02 05:05:00'),
(331, 3, 1.2, 'down', 7, 'up', '2022-10-02 05:05:00'),
(332, 2, 1.76, 'down', 9, 'up', '2022-10-02 05:05:00'),
(333, 4, 1.8, 'down', 4, 'up', '2022-10-02 05:05:00'),
(334, 1, 1.5, 'down', 1.5, 'down', '2022-10-02 06:05:00'),
(335, 3, 1.4, 'down', 5, 'up', '2022-10-02 06:05:00'),
(336, 2, 1.65, 'down', 9, 'up', '2022-10-02 06:05:00'),
(337, 4, 2, 'down', 4, 'up', '2022-10-02 06:05:00'),
(338, 1, 0.4, 'down', 9.7, 'down', '2022-10-02 07:05:00'),
(339, 3, 1.1, 'down', 1, 'up', '2022-10-02 07:05:00'),
(340, 2, 0.92, 'down', 7, 'up', '2022-10-02 07:05:00'),
(341, 4, 1.2, 'down', 2, 'up', '2022-10-02 07:05:00'),
(342, 1, 1.3, 'up', 13.9, 'down', '2022-10-02 08:05:00'),
(343, 2, 0.24, 'up', 2, 'up', '2022-10-02 08:05:00'),
(344, 4, 0.4, 'down', 2, 'up', '2022-10-02 08:05:00'),
(345, 3, 0.1, 'up', 4, 'down', '2022-10-02 08:05:00'),
(346, 1, 1.6, 'up', 13.2, 'down', '2022-10-02 09:05:00'),
(347, 3, 0.4, 'up', 6, 'down', '2022-10-02 09:05:00'),
(348, 2, 0.99, 'up', 2, 'down', '2022-10-02 09:05:00'),
(349, 4, 0.1, 'down', 2, 'down', '2022-10-02 09:05:00'),
(350, 1, 1.7, 'up', 15.3, 'down', '2022-10-02 10:05:00'),
(351, 3, 0.8, 'up', 7, 'down', '2022-10-02 10:05:00'),
(352, 2, 1.95, 'up', 6, 'down', '2022-10-02 10:05:00'),
(353, 4, 1.5, 'up', 6, 'down', '2022-10-02 10:05:00'),
(354, 1, 2.1, 'up', 16.8, 'down', '2022-10-02 11:05:00'),
(355, 3, 0.5, 'up', 6, 'down', '2022-10-02 11:05:00'),
(356, 4, 2.1, 'up', 8, 'down', '2022-10-02 11:05:00'),
(357, 2, 1.21, 'up', 0, 'down', '2022-10-02 11:05:00'),
(358, 1, 2.5, 'up', 19, 'down', '2022-10-02 12:05:00'),
(359, 2, 0.53, 'up', 4, 'up', '2022-10-02 12:05:00'),
(360, 3, 0.6, 'down', 8, 'down', '2022-10-02 12:05:00'),
(361, 4, 0.1, 'up', 5, 'up', '2022-10-02 12:05:00'),
(362, 1, 1.1, 'up', 3.3, 'down', '2022-10-02 13:05:00'),
(363, 3, 1.3, 'up', 1, 'down', '2022-10-02 13:05:00'),
(364, 2, 1.09, 'up', 7, 'up', '2022-10-02 13:05:00'),
(365, 4, 0.3, 'down', 6, 'up', '2022-10-02 13:05:00'),
(366, 1, 1.1, 'up', 8.7, 'down', '2022-10-02 14:05:00'),
(367, 3, 1, 'up', 7, 'up', '2022-10-02 14:05:00'),
(368, 2, 1.21, 'up', 4, 'up', '2022-10-02 14:05:00'),
(369, 4, 0.4, 'up', 4, 'up', '2022-10-02 14:05:00'),
(370, 1, 0.5, 'up', 2.3, 'down', '2022-10-02 15:05:00'),
(371, 3, 1.2, 'up', 10, 'up', '2022-10-02 15:05:00'),
(372, 2, 0.86, 'up', 5, 'up', '2022-10-02 15:05:00'),
(373, 4, 1.1, 'up', 6, 'down', '2022-10-02 15:05:00'),
(374, 1, 0.3, 'down', 0.3, 'up', '2022-10-02 16:05:00'),
(375, 2, 0, 'down', 3, 'up', '2022-10-02 16:05:00'),
(376, 3, 0.8, 'up', 4, 'up', '2022-10-02 16:05:00'),
(377, 4, 0.2, 'up', 4, 'down', '2022-10-02 16:05:00'),
(378, 1, 0, 'opt', 1.7, 'down', '2022-10-02 16:56:13'),
(379, 3, 1.1, 'up', 2, 'up', '2022-10-02 16:56:13'),
(380, 2, 0.3, 'up', 1, 'up', '2022-10-02 16:56:13'),
(381, 4, 0.5, 'up', 6, 'down', '2022-10-02 16:56:13'),
(382, 1, 0, 'opt', 1.7, 'down', '2022-10-02 16:56:25'),
(383, 3, 1.1, 'up', 2, 'up', '2022-10-02 16:56:25'),
(384, 2, 0.3, 'up', 1, 'up', '2022-10-02 16:56:25'),
(385, 4, 0.5, 'up', 6, 'down', '2022-10-02 16:56:25'),
(386, 1, 0, 'opt', 1.7, 'down', '2022-10-02 16:57:03'),
(387, 3, 1.1, 'up', 2, 'up', '2022-10-02 16:57:03'),
(388, 2, 0.3, 'up', 1, 'up', '2022-10-02 16:57:03'),
(389, 4, 0.5, 'up', 6, 'down', '2022-10-02 16:57:03'),
(390, 1, 1.3, 'down', 1.2, 'up', '2022-10-02 17:05:00'),
(391, 3, 0.1, 'down', 2, 'up', '2022-10-02 17:05:00'),
(392, 2, 0.37, 'down', 4, 'up', '2022-10-02 17:05:00'),
(393, 4, 0.5, 'down', 1, 'down', '2022-10-02 17:05:00'),
(394, 1, 1.1, 'down', 0.8, 'down', '2022-10-02 17:21:38'),
(395, 3, 0.1, 'up', 0, 'down', '2022-10-02 17:21:38'),
(396, 2, 0.17, 'down', 2, 'up', '2022-10-02 17:21:38'),
(397, 4, 0.3, 'down', 3, 'down', '2022-10-02 17:21:38'),
(398, 1, 1.6, 'down', 0.5, 'up', '2022-10-02 18:05:00'),
(399, 3, 0.2, 'down', 3, 'up', '2022-10-02 18:05:00'),
(400, 2, 1.42, 'down', 3, 'up', '2022-10-02 18:05:00'),
(401, 4, 3.1, 'down', 10, 'up', '2022-10-02 18:05:00'),
(402, 1, 1.9, 'down', 1.6, 'up', '2022-10-02 19:05:00'),
(403, 3, 1.1, 'down', 6, 'up', '2022-10-02 19:05:00'),
(404, 2, 1.66, 'down', 6, 'up', '2022-10-02 19:05:00'),
(405, 4, 2.9, 'down', 17, 'up', '2022-10-02 19:05:00'),
(406, 1, 2.2, 'down', 6.3, 'up', '2022-10-02 20:05:00'),
(407, 3, 1.4, 'down', 8, 'up', '2022-10-02 20:05:00'),
(408, 2, 1.61, 'down', 6, 'up', '2022-10-02 20:05:00'),
(409, 4, 2.6, 'down', 17, 'up', '2022-10-02 20:05:00'),
(410, 1, 2.2, 'down', 8.4, 'up', '2022-10-02 21:05:00'),
(411, 3, 1.7, 'down', 9, 'up', '2022-10-02 21:05:00'),
(412, 2, 1.95, 'down', 6, 'up', '2022-10-02 21:05:00'),
(413, 4, 2.4, 'down', 10, 'up', '2022-10-02 21:05:00'),
(414, 1, 2.2, 'down', 10.7, 'up', '2022-10-02 22:05:00'),
(415, 2, 1.68, 'down', 7, 'up', '2022-10-02 22:05:00'),
(416, 3, 1.3, 'down', 11, 'up', '2022-10-02 22:05:00'),
(417, 4, 2, 'down', 10, 'up', '2022-10-02 22:05:00'),
(418, 1, 2.4, 'down', 11, 'up', '2022-10-02 23:05:00'),
(419, 3, 1.6, 'down', 9, 'up', '2022-10-02 23:05:00'),
(420, 2, 1.74, 'down', 5, 'up', '2022-10-02 23:05:00'),
(421, 4, 1.7, 'down', 8, 'up', '2022-10-02 23:05:00'),
(422, 1, 2.5, 'down', 9.9, 'up', '2022-10-03 00:05:00'),
(423, 2, 1.82, 'down', 6, 'up', '2022-10-03 00:05:00'),
(424, 4, 2.5, 'down', 14, 'up', '2022-10-03 00:05:00'),
(425, 3, 1.9, 'down', 8, 'up', '2022-10-03 00:05:00'),
(426, 1, 2.5, 'down', 6.5, 'up', '2022-10-03 01:05:00'),
(427, 3, 1.4, 'down', 6, 'up', '2022-10-03 01:05:00'),
(428, 2, 1.49, 'down', 6, 'up', '2022-10-03 01:05:00'),
(429, 4, 1.5, 'down', 6, 'up', '2022-10-03 01:05:00'),
(430, 1, 2.3, 'down', 8.1, 'up', '2022-10-03 02:05:00'),
(431, 3, 1.3, 'down', 6, 'up', '2022-10-03 02:05:00'),
(432, 2, 1.14, 'down', 5, 'up', '2022-10-03 02:05:00'),
(433, 4, 1.4, 'down', 6, 'up', '2022-10-03 02:05:00'),
(434, 1, 2.3, 'down', 10.5, 'up', '2022-10-03 03:05:00'),
(435, 3, 1.3, 'down', 4, 'up', '2022-10-03 03:05:00'),
(436, 2, 1.06, 'down', 6, 'up', '2022-10-03 03:05:00'),
(437, 4, 1.4, 'down', 7, 'up', '2022-10-03 03:05:00'),
(438, 3, 1.3, 'down', 2, 'up', '2022-10-03 04:05:00'),
(439, 4, 0.4, 'down', 1, 'up', '2022-10-03 04:05:00'),
(440, 2, 0.85, 'down', 3, 'up', '2022-10-03 04:05:00'),
(441, 1, 2.6, 'down', 10, 'up', '2022-10-03 04:05:00'),
(442, 1, 2.6, 'down', 9.4, 'up', '2022-10-03 05:05:00'),
(443, 3, 1.3, 'down', 8, 'up', '2022-10-03 05:05:00'),
(444, 2, 1.14, 'down', 4, 'up', '2022-10-03 05:05:00'),
(445, 4, 1.4, 'down', 6, 'up', '2022-10-03 05:05:00'),
(446, 3, 1.2, 'down', 7, 'up', '2022-10-03 06:05:00'),
(447, 2, 0.86, 'down', 4, 'up', '2022-10-03 06:05:00'),
(448, 4, 0.3, 'down', 2, 'up', '2022-10-03 06:05:00'),
(449, 1, 2.3, 'down', 0.8, 'up', '2022-10-03 06:05:00'),
(450, 1, 1, 'down', 6.3, 'down', '2022-10-03 07:05:00'),
(451, 3, 1.3, 'down', 4, 'up', '2022-10-03 07:05:00'),
(452, 2, 0.62, 'down', 4, 'up', '2022-10-03 07:05:00'),
(453, 4, 0.4, 'down', 2, 'up', '2022-10-03 07:05:00'),
(454, 1, 0, 'opt', 11.6, 'down', '2022-10-03 08:05:00'),
(455, 3, 1, 'down', 1, 'down', '2022-10-03 08:05:00'),
(456, 2, 0.22, 'down', 4, 'up', '2022-10-03 08:05:00'),
(457, 4, 0.7, 'down', 4, 'up', '2022-10-03 08:05:00'),
(458, 3, 0.9, 'down', 6, 'down', '2022-10-03 09:05:00'),
(459, 1, 0.5, 'up', 13.5, 'down', '2022-10-03 09:05:00'),
(460, 2, 0.11, 'up', 3, 'up', '2022-10-03 09:05:00'),
(461, 4, 1.1, 'down', 7, 'up', '2022-10-03 09:05:00'),
(462, 1, 0.9, 'up', 13.1, 'down', '2022-10-03 10:05:00'),
(463, 3, 0.3, 'down', 11, 'down', '2022-10-03 10:05:00'),
(464, 2, 0.64, 'up', 4, 'up', '2022-10-03 10:05:00'),
(465, 4, 0.6, 'down', 1, 'down', '2022-10-03 10:05:00'),
(466, 1, 1.2, 'up', 8.5, 'down', '2022-10-03 11:05:00'),
(467, 3, 0.3, 'up', 14, 'down', '2022-10-03 11:05:00'),
(468, 2, 1.14, 'up', 4, 'up', '2022-10-03 11:05:00'),
(469, 4, 0.1, 'down', 0, 'down', '2022-10-03 11:05:00'),
(470, 3, 0.5, 'up', 14, 'down', '2022-10-03 12:05:00'),
(471, 2, 1, 'up', 0, 'down', '2022-10-03 12:05:00'),
(472, 4, 1.5, 'up', 11, 'down', '2022-10-03 12:05:00'),
(473, 1, 0.7, 'up', 11.3, 'down', '2022-10-03 12:05:00'),
(474, 1, 1, 'up', 16.8, 'down', '2022-10-03 13:05:00'),
(475, 3, 0.3, 'up', 15, 'down', '2022-10-03 13:05:00'),
(476, 2, 0.75, 'up', 1, 'up', '2022-10-03 13:05:00'),
(477, 4, 0.3, 'up', 3, 'down', '2022-10-03 13:05:00'),
(478, 1, 0.8, 'up', 11.3, 'down', '2022-10-03 14:05:00'),
(479, 3, 1.5, 'up', 10, 'down', '2022-10-03 14:05:00'),
(480, 2, 1, 'up', 2, 'up', '2022-10-03 14:05:00'),
(481, 4, 0.8, 'up', 1, 'down', '2022-10-03 14:05:00'),
(482, 1, 1, 'up', 3.4, 'down', '2022-10-03 15:05:00'),
(483, 3, 0.9, 'up', 0, 'down', '2022-10-03 15:05:00'),
(484, 2, 0.64, 'up', 3, 'up', '2022-10-03 15:05:00'),
(485, 4, 0.8, 'up', 5, 'down', '2022-10-03 15:05:00'),
(486, 1, 0.2, 'down', 4.9, 'up', '2022-10-03 16:05:00'),
(487, 3, 0.4, 'up', 5, 'up', '2022-10-03 16:05:00'),
(488, 4, 0.2, 'down', 1, 'down', '2022-10-03 16:05:00'),
(489, 2, 0.31, 'up', 4, 'up', '2022-10-03 16:05:00'),
(490, 1, 1.3, 'down', 7.9, 'up', '2022-10-03 17:05:00'),
(491, 2, 0.39, 'down', 8, 'up', '2022-10-03 17:05:00'),
(492, 3, 0, 'down', 10, 'up', '2022-10-03 17:05:00'),
(493, 4, 0, 'down', 4, 'down', '2022-10-03 17:05:00'),
(494, 1, 1.8, 'down', 12.4, 'up', '2022-10-03 18:05:00'),
(495, 3, 0.3, 'down', 11, 'up', '2022-10-03 18:05:00'),
(496, 2, 0.88, 'down', 10, 'up', '2022-10-03 18:05:00'),
(497, 4, 0.7, 'down', 5, 'up', '2022-10-03 18:05:00'),
(498, 1, 2.4, 'down', 12.4, 'up', '2022-10-03 19:05:00'),
(499, 3, 0.6, 'down', 9, 'up', '2022-10-03 19:05:00'),
(500, 2, 1.06, 'down', 9, 'up', '2022-10-03 19:05:00'),
(501, 4, 1.5, 'down', 6, 'up', '2022-10-03 19:05:00'),
(502, 1, 1.2, 'down', 2.6, 'up', '2022-10-03 20:05:00'),
(503, 3, 1, 'down', 6, 'up', '2022-10-03 20:05:00'),
(504, 4, 1.3, 'down', 7, 'up', '2022-10-03 20:05:00'),
(505, 2, 1.32, 'down', 7, 'up', '2022-10-03 20:05:00'),
(506, 3, 1.3, 'down', 8, 'up', '2022-10-03 21:05:00'),
(507, 2, 1.18, 'down', 8, 'up', '2022-10-03 21:05:00'),
(508, 4, 1.1, 'down', 7, 'up', '2022-10-03 21:05:00'),
(509, 1, 1.7, 'down', 4.6, 'up', '2022-10-03 21:05:00'),
(510, 1, 1.7, 'down', 6.8, 'up', '2022-10-03 22:05:00'),
(511, 3, 1.2, 'down', 7, 'up', '2022-10-03 22:05:00'),
(512, 2, 1.09, 'down', 7, 'up', '2022-10-03 22:05:00'),
(513, 4, 1, 'down', 6, 'up', '2022-10-03 22:05:00'),
(514, 1, 2.1, 'down', 7.5, 'up', '2022-10-03 23:05:00'),
(515, 3, 1.2, 'down', 6, 'up', '2022-10-03 23:05:00'),
(516, 2, 1.13, 'down', 6, 'up', '2022-10-03 23:05:00'),
(517, 4, 1, 'down', 5, 'up', '2022-10-03 23:05:00'),
(518, 1, 2.4, 'down', 9, 'up', '2022-10-04 00:05:00'),
(519, 3, 1.2, 'down', 8, 'up', '2022-10-04 00:05:00'),
(520, 2, 1.18, 'down', 6, 'up', '2022-10-04 00:05:00'),
(521, 4, 1, 'down', 5, 'up', '2022-10-04 00:05:00'),
(522, 1, 2.7, 'down', 10.6, 'up', '2022-10-04 01:05:00'),
(523, 3, 1.1, 'down', 10, 'up', '2022-10-04 01:05:00'),
(524, 2, 1.19, 'down', 7, 'up', '2022-10-04 01:05:00'),
(525, 4, 0.9, 'down', 6, 'up', '2022-10-04 01:05:00'),
(526, 2, 0.86, 'down', 3, 'up', '2022-10-04 02:05:00'),
(527, 4, 0.7, 'down', 1, 'up', '2022-10-04 02:05:00'),
(528, 1, 2.5, 'down', 11.9, 'up', '2022-10-04 02:05:00'),
(529, 3, 0.9, 'down', 10, 'up', '2022-10-04 02:05:00'),
(530, 1, 2.3, 'down', 13.7, 'up', '2022-10-04 03:05:00'),
(531, 3, 1.3, 'down', 14, 'up', '2022-10-04 03:05:00'),
(532, 2, 1.42, 'down', 10, 'up', '2022-10-04 03:05:00'),
(533, 4, 1.5, 'down', 9, 'up', '2022-10-04 03:05:00'),
(534, 1, 2, 'down', 10.6, 'up', '2022-10-04 04:05:00'),
(535, 3, 1.5, 'down', 11, 'up', '2022-10-04 04:05:00'),
(536, 2, 1.63, 'down', 8, 'up', '2022-10-04 04:05:00'),
(537, 4, 1.2, 'down', 6, 'up', '2022-10-04 04:05:00'),
(538, 1, 1.7, 'down', 11, 'up', '2022-10-04 05:05:00'),
(539, 3, 1.8, 'down', 11, 'up', '2022-10-04 05:05:00'),
(540, 4, 1.9, 'down', 6, 'up', '2022-10-04 05:05:00'),
(541, 2, 1.75, 'down', 10, 'up', '2022-10-04 05:05:00'),
(542, 1, 1.6, 'down', 7.4, 'up', '2022-10-04 06:05:00'),
(543, 3, 1.8, 'down', 12, 'up', '2022-10-04 06:05:00'),
(544, 4, 1.9, 'down', 6, 'up', '2022-10-04 06:05:00'),
(545, 2, 1.53, 'down', 9, 'up', '2022-10-04 06:05:00'),
(546, 1, 1.8, 'down', 6.1, 'up', '2022-10-04 07:05:00'),
(547, 3, 1.6, 'down', 10, 'up', '2022-10-04 07:05:00'),
(548, 2, 0.69, 'down', 8, 'up', '2022-10-04 07:05:00'),
(549, 4, 0.3, 'down', 2, 'up', '2022-10-04 07:05:00'),
(550, 1, 1.7, 'down', 2.2, 'up', '2022-10-04 08:05:00'),
(551, 2, 0.51, 'down', 7, 'up', '2022-10-04 08:05:00'),
(552, 3, 1.3, 'down', 5, 'up', '2022-10-04 08:05:00'),
(553, 4, 0.5, 'down', 2, 'up', '2022-10-04 08:05:00'),
(554, 1, 0.9, 'down', 1, 'down', '2022-10-04 09:05:00'),
(555, 3, 1, 'down', 2, 'down', '2022-10-04 09:05:00'),
(556, 2, 0.02, 'up', 7, 'up', '2022-10-04 09:05:00'),
(557, 4, 0.8, 'down', 3, 'up', '2022-10-04 09:05:00'),
(558, 1, 0.4, 'down', 3.2, 'down', '2022-10-04 10:05:00'),
(559, 3, 0.3, 'down', 11, 'down', '2022-10-04 10:05:00'),
(560, 4, 0.2, 'down', 0, 'down', '2022-10-04 10:05:00'),
(561, 2, 1.09, 'up', 1, 'up', '2022-10-04 10:05:00'),
(562, 3, 1, 'up', 11, 'down', '2022-10-04 11:05:00'),
(563, 2, 1.77, 'up', 1, 'up', '2022-10-04 11:05:00'),
(564, 4, 0.4, 'up', 2, 'up', '2022-10-04 11:05:00'),
(565, 1, 0.1, 'down', 4.2, 'down', '2022-10-04 11:05:00'),
(566, 1, 0, 'opt', 8.2, 'down', '2022-10-04 12:05:00'),
(567, 3, 1, 'up', 15, 'down', '2022-10-04 12:05:00'),
(568, 4, 0.9, 'up', 3, 'down', '2022-10-04 12:05:00'),
(569, 2, 1.9, 'up', 4, 'down', '2022-10-04 12:05:00'),
(570, 1, 0.3, 'up', 8.6, 'down', '2022-10-04 13:05:00'),
(571, 3, 0.7, 'up', 12, 'down', '2022-10-04 13:05:00'),
(572, 4, 0.6, 'up', 4, 'down', '2022-10-04 13:05:00'),
(573, 2, 1.71, 'up', 4, 'down', '2022-10-04 13:05:00'),
(574, 1, 0.9, 'up', 9.3, 'down', '2022-10-04 14:05:00'),
(575, 3, 0.7, 'up', 10, 'down', '2022-10-04 14:05:00'),
(576, 2, 1.22, 'up', 2, 'up', '2022-10-04 14:05:00'),
(577, 4, 1, 'up', 1, 'down', '2022-10-04 14:05:00'),
(578, 3, 1.7, 'up', 14, 'down', '2022-10-04 15:05:00'),
(579, 2, 2.1, 'up', 4, 'down', '2022-10-04 15:05:00'),
(580, 4, 1.5, 'up', 9, 'down', '2022-10-04 15:05:00'),
(581, 1, 1.6, 'up', 0.8, 'down', '2022-10-04 15:05:00'),
(582, 1, 0.1, 'down', 1.6, 'up', '2022-10-04 16:05:00'),
(583, 3, 1.3, 'up', 11, 'down', '2022-10-04 16:05:00'),
(584, 4, 1.6, 'up', 11, 'down', '2022-10-04 16:05:00'),
(585, 2, 1.33, 'up', 1, 'down', '2022-10-04 16:05:00'),
(586, 1, 1.9, 'down', 1, 'down', '2022-10-04 17:05:00'),
(587, 3, 0.9, 'up', 3, 'down', '2022-10-04 17:05:00'),
(588, 2, 0.32, 'up', 1, 'down', '2022-10-04 17:05:00'),
(589, 4, 0.2, 'down', 3, 'down', '2022-10-04 17:05:00'),
(590, 1, 2, 'down', 3, 'up', '2022-10-04 18:05:00'),
(591, 3, 0.1, 'down', 3, 'up', '2022-10-04 18:05:00'),
(592, 2, 1.26, 'down', 6, 'up', '2022-10-04 18:05:00'),
(593, 4, 2.1, 'down', 8, 'up', '2022-10-04 18:05:00'),
(594, 1, 2.7, 'down', 5.8, 'up', '2022-10-04 19:05:00'),
(595, 3, 0.5, 'down', 6, 'up', '2022-10-04 19:05:00'),
(596, 2, 2.05, 'down', 8, 'up', '2022-10-04 19:05:00'),
(597, 4, 1.9, 'down', 8, 'up', '2022-10-04 19:05:00'),
(598, 1, 3.3, 'down', 10.1, 'up', '2022-10-04 20:05:00'),
(599, 3, 0.6, 'down', 8, 'up', '2022-10-04 20:05:00'),
(600, 2, 2.2, 'down', 8, 'up', '2022-10-04 20:05:00'),
(601, 4, 2.5, 'down', 8, 'up', '2022-10-04 20:05:00'),
(602, 1, 3.1, 'down', 7.8, 'up', '2022-10-04 21:05:00'),
(603, 3, 0.9, 'down', 9, 'up', '2022-10-04 21:05:00'),
(604, 2, 2.35, 'down', 9, 'up', '2022-10-04 21:05:00'),
(605, 4, 2.2, 'down', 8, 'up', '2022-10-04 21:05:00'),
(606, 1, 2.8, 'down', 8.1, 'up', '2022-10-04 22:05:00'),
(607, 3, 2.6, 'down', 12, 'up', '2022-10-04 22:05:00'),
(608, 2, 2.17, 'down', 10, 'up', '2022-10-04 22:05:00'),
(609, 4, 3, 'down', 14, 'up', '2022-10-04 22:05:00'),
(610, 1, 2.6, 'down', 8.5, 'up', '2022-10-04 23:05:00'),
(611, 3, 2.5, 'down', 11, 'up', '2022-10-04 23:05:00'),
(612, 2, 2.56, 'down', 7, 'up', '2022-10-04 23:05:00'),
(613, 4, 2.7, 'down', 8, 'up', '2022-10-04 23:05:00'),
(614, 1, 11.8, 'up', 17.1, 'up', '2022-10-05 00:05:00'),
(615, 3, 1.9, 'down', 11, 'up', '2022-10-05 00:05:00'),
(616, 2, 2.24, 'down', 9, 'up', '2022-10-05 00:05:00'),
(617, 4, 3.1, 'down', 13, 'up', '2022-10-05 00:05:00'),
(618, 1, 12.3, 'up', 15.2, 'up', '2022-10-05 01:05:00'),
(619, 3, 2.2, 'down', 10, 'up', '2022-10-05 01:05:00'),
(620, 2, 2.12, 'down', 8, 'up', '2022-10-05 01:05:00'),
(621, 4, 2.6, 'down', 11, 'up', '2022-10-05 01:05:00'),
(622, 1, 12.5, 'up', 14.7, 'up', '2022-10-05 02:05:00'),
(623, 3, 2.2, 'down', 10, 'up', '2022-10-05 02:05:00'),
(624, 2, 1.88, 'down', 7, 'up', '2022-10-05 02:05:00'),
(625, 4, 3.4, 'down', 11, 'up', '2022-10-05 02:05:00'),
(626, 1, 12.9, 'up', 13.9, 'up', '2022-10-05 03:05:00'),
(627, 3, 2.3, 'down', 11, 'up', '2022-10-05 03:05:00'),
(628, 2, 1.75, 'down', 5, 'up', '2022-10-05 03:05:00'),
(629, 4, 3.1, 'down', 11, 'up', '2022-10-05 03:05:00'),
(630, 1, 13, 'up', 13.4, 'up', '2022-10-05 04:05:00'),
(631, 3, 2.3, 'down', 10, 'up', '2022-10-05 04:05:00'),
(632, 2, 2.19, 'down', 12, 'up', '2022-10-05 04:05:00'),
(633, 4, 4.1, 'down', 17, 'up', '2022-10-05 04:05:00'),
(634, 1, 12.9, 'up', 13.1, 'up', '2022-10-05 05:05:00'),
(635, 3, 2.3, 'down', 8, 'up', '2022-10-05 05:05:00'),
(636, 2, 2.52, 'down', 11, 'up', '2022-10-05 05:05:00'),
(637, 4, 3.2, 'down', 17, 'up', '2022-10-05 05:05:00'),
(638, 1, 13, 'up', 12.9, 'up', '2022-10-05 06:05:00'),
(639, 3, 2.1, 'down', 8, 'up', '2022-10-05 06:05:00'),
(640, 2, 1.96, 'down', 10, 'up', '2022-10-05 06:05:00'),
(641, 4, 2.2, 'down', 11, 'up', '2022-10-05 06:05:00'),
(642, 1, 12.8, 'up', 12.9, 'up', '2022-10-05 07:05:00'),
(643, 3, 1.6, 'down', 4, 'up', '2022-10-05 07:05:00'),
(644, 2, 1.64, 'down', 8, 'up', '2022-10-05 07:05:00'),
(645, 4, 2.5, 'down', 11, 'up', '2022-10-05 07:05:00'),
(646, 1, 12.4, 'up', 10.6, 'up', '2022-10-05 08:05:00'),
(647, 3, 0.7, 'down', 1, 'down', '2022-10-05 08:05:00'),
(648, 2, 0.34, 'down', 3, 'up', '2022-10-05 08:05:00'),
(649, 4, 1, 'down', 0, 'down', '2022-10-05 08:05:00'),
(650, 1, 12, 'up', 11.3, 'up', '2022-10-05 09:05:00'),
(651, 3, 0.6, 'up', 5, 'down', '2022-10-05 09:05:00'),
(652, 2, 0.94, 'up', 3, 'up', '2022-10-05 09:05:00'),
(653, 4, 0.6, 'up', 4, 'down', '2022-10-05 09:05:00'),
(654, 1, 11.6, 'up', 12.3, 'up', '2022-10-05 10:05:00'),
(655, 3, 1.9, 'up', 8, 'down', '2022-10-05 10:05:00'),
(656, 2, 1.95, 'up', 0, 'down', '2022-10-05 10:05:00'),
(657, 4, 2.1, 'up', 7, 'down', '2022-10-05 10:05:00'),
(658, 1, 11.5, 'up', 11.3, 'up', '2022-10-05 11:05:00'),
(659, 3, 1.6, 'up', 11, 'down', '2022-10-05 11:05:00'),
(660, 2, 2.76, 'up', 5, 'down', '2022-10-05 11:05:00'),
(661, 4, 2, 'up', 9, 'down', '2022-10-05 11:05:00'),
(662, 1, 11.1, 'up', 11.3, 'up', '2022-10-05 12:05:00'),
(663, 3, 3.5, 'up', 11, 'down', '2022-10-05 12:05:00'),
(664, 2, 4.31, 'up', 12, 'down', '2022-10-05 12:05:00'),
(665, 4, 2.7, 'up', 10, 'down', '2022-10-05 12:05:00'),
(666, 1, 10.9, 'up', 9.1, 'up', '2022-10-05 13:05:00'),
(667, 3, 4.6, 'up', 16, 'down', '2022-10-05 13:05:00'),
(668, 4, 4.5, 'up', 19, 'down', '2022-10-05 13:05:00'),
(669, 2, 4.92, 'up', 10, 'down', '2022-10-05 13:05:00'),
(670, 1, 10.8, 'up', 9.9, 'up', '2022-10-05 14:05:00'),
(671, 3, 5.7, 'up', 15, 'down', '2022-10-05 14:05:00'),
(672, 2, 5.16, 'up', 15, 'down', '2022-10-05 14:05:00'),
(673, 4, 4.4, 'up', 22, 'down', '2022-10-05 14:05:00'),
(674, 1, 10.4, 'up', 11.3, 'up', '2022-10-05 15:05:00'),
(675, 3, 3.5, 'up', 14, 'down', '2022-10-05 15:05:00'),
(676, 2, 4.17, 'up', 11, 'down', '2022-10-05 15:05:00'),
(677, 4, 4, 'up', 21, 'down', '2022-10-05 15:05:00'),
(678, 1, 10.4, 'up', 11.5, 'up', '2022-10-05 16:05:00'),
(679, 2, 3.34, 'up', 9, 'down', '2022-10-05 16:05:00'),
(680, 3, 3.3, 'up', 8, 'down', '2022-10-05 16:05:00'),
(681, 4, 4, 'up', 22, 'down', '2022-10-05 16:05:00'),
(682, 1, 10.3, 'up', 11.5, 'up', '2022-10-05 17:05:00'),
(683, 2, 1.93, 'up', 9, 'down', '2022-10-05 17:05:00'),
(684, 3, 2.8, 'up', 2, 'down', '2022-10-05 17:05:00'),
(685, 4, 3, 'up', 14, 'down', '2022-10-05 17:05:00'),
(686, 1, 10.3, 'up', 11.5, 'up', '2022-10-05 18:05:00'),
(687, 3, 1.7, 'up', 0, 'down', '2022-10-05 18:05:00'),
(688, 2, 0.4, 'up', 2, 'down', '2022-10-05 18:05:00'),
(689, 4, 1, 'up', 6, 'down', '2022-10-05 18:05:00'),
(690, 1, 10.3, 'up', 11, 'up', '2022-10-05 19:05:00'),
(691, 3, 0.6, 'up', 0, 'down', '2022-10-05 19:05:00'),
(692, 2, 0.03, 'down', 3, 'down', '2022-10-05 19:05:00'),
(693, 4, 0, 'down', 2, 'down', '2022-10-05 19:05:00');

-- --------------------------------------------------------

--
-- Stellvertreter-Struktur des Views `forecast_18h`
-- (Siehe unten f端r die tats辰chliche Ansicht)
--
CREATE TABLE `forecast_18h` (
`id` int(11)
,`api_id` int(11)
,`forecast_time` datetime
,`temperatur` float
,`humidity` float
,`sky_description` varchar(100)
,`sky_clouds` int(3)
,`air_pressure` float
,`probability_of_precipitation` int(3)
,`wind_speed` float
,`wind_direction_deg` int(3)
,`wind_direction_name` varchar(30)
,`updated` timestamp
);

-- --------------------------------------------------------

--
-- Stellvertreter-Struktur des Views `forecast_18hn`
-- (Siehe unten f端r die tats辰chliche Ansicht)
--
CREATE TABLE `forecast_18hn` (
`api_id` int(11)
,`forecast_time` datetime
,`temperatur` float
,`humidity` float
,`updated` timestamp
);

-- --------------------------------------------------------

--
-- Stellvertreter-Struktur des Views `forecast_21h`
-- (Siehe unten f端r die tats辰chliche Ansicht)
--
CREATE TABLE `forecast_21h` (
`id` int(11)
,`api_id` int(11)
,`forecast_time` datetime
,`temperatur` float
,`humidity` float
,`sky_description` varchar(100)
,`sky_clouds` int(3)
,`air_pressure` float
,`probability_of_precipitation` int(3)
,`wind_speed` float
,`wind_direction_deg` int(3)
,`wind_direction_name` varchar(30)
,`updated` timestamp
);

-- --------------------------------------------------------

--
-- Stellvertreter-Struktur des Views `ow_sum_temp_1d`
-- (Siehe unten f端r die tats辰chliche Ansicht)
--
CREATE TABLE `ow_sum_temp_1d` (
`ow_sum_temp` double
);

-- --------------------------------------------------------

--
-- Stellvertreter-Struktur des Views `ow_sum_temp_1h`
-- (Siehe unten f端r die tats辰chliche Ansicht)
--
CREATE TABLE `ow_sum_temp_1h` (
`ow_sum_temp` double
);

-- --------------------------------------------------------

--
-- Stellvertreter-Struktur des Views `ow_sum_temp_all`
-- (Siehe unten f端r die tats辰chliche Ansicht)
--
CREATE TABLE `ow_sum_temp_all` (
`ow_sum_temp` double
);

-- --------------------------------------------------------

--
-- Tabellenstruktur f端r Tabelle `room`
--

CREATE TABLE `room` (
  `id` int(11) NOT NULL,
  `room_name` varchar(200) DEFAULT NULL,
  `room_description` text DEFAULT NULL,
  `updated` timestamp NOT NULL DEFAULT current_timestamp()
) ENGINE=InnoDB DEFAULT CHARSET=utf8mb4;

--
-- Daten f端r Tabelle `room`
--

INSERT INTO `room` (`id`, `room_name`, `room_description`, `updated`) VALUES
(1, 'B端ro', NULL, '2022-09-22 21:06:00'),
(2, 'Wohnzimmer', NULL, '2022-10-04 18:01:27'),
(3, 'K端che', NULL, '2022-10-04 18:01:27');

-- --------------------------------------------------------

--
-- Tabellenstruktur f端r Tabelle `room_settings`
--

CREATE TABLE `room_settings` (
  `id` int(11) NOT NULL,
  `room_id` int(11) NOT NULL,
  `min_temp` float NOT NULL,
  `opt_temp` float NOT NULL,
  `max_temp` float NOT NULL,
  `min_humidity` float NOT NULL,
  `max_humidity` float NOT NULL
) ENGINE=InnoDB DEFAULT CHARSET=utf8mb4;

--
-- Daten f端r Tabelle `room_settings`
--

INSERT INTO `room_settings` (`id`, `room_id`, `min_temp`, `opt_temp`, `max_temp`, `min_humidity`, `max_humidity`) VALUES
(1, 1, 20, 21, 22, 40, 70);

-- --------------------------------------------------------

--
-- Tabellenstruktur f端r Tabelle `sensor`
--

CREATE TABLE `sensor` (
  `id` int(11) NOT NULL,
  `sensor_name` varchar(150) CHARACTER SET utf8mb4 DEFAULT NULL,
  `room_id` int(11) DEFAULT NULL
) ENGINE=InnoDB DEFAULT CHARSET=utf8;

--
-- Daten f端r Tabelle `sensor`
--

INSERT INTO `sensor` (`id`, `sensor_name`, `room_id`) VALUES
(1, 'Shelly H&T (WZ)', NULL),
(2, 'Shelly H&T (KC)', NULL),
(3, 'Netatmo (B端ro)', NULL),
(4, 'Netatmo (Outdoor)', NULL);

-- --------------------------------------------------------

--
-- Tabellenstruktur f端r Tabelle `sensor_data`
--

CREATE TABLE `sensor_data` (
  `id` int(11) NOT NULL,
  `sensor_id` int(11) NOT NULL,
  `temp` float DEFAULT NULL,
  `humi` float DEFAULT NULL,
  `battery` int(3) DEFAULT NULL,
  `updated` datetime NOT NULL DEFAULT current_timestamp()
) ENGINE=InnoDB DEFAULT CHARSET=utf8;

--
-- Daten f端r Tabelle `sensor_data`
--

INSERT INTO `sensor_data` (`id`, `sensor_id`, `temp`, `humi`, `battery`, `updated`) VALUES
(1, 3, 20.4, 52, NULL, '2022-09-28 18:55:43'),
(2, 3, 20.4, 52, NULL, '2022-09-28 18:56:42'),
(3, 3, 20.7, 52, NULL, '2022-09-28 18:57:25'),
(4, 3, 20.9, 52, NULL, '2022-09-28 19:10:06'),
(5, 3, 21, 51, NULL, '2022-09-28 19:24:04'),
(6, 3, 21, 51, NULL, '2022-09-28 19:24:27'),
(7, 3, 21, 51, NULL, '2022-09-28 19:25:35'),
(8, 3, 21.2, 51, NULL, '2022-09-28 19:37:17'),
(9, 3, 21.2, 51, NULL, '2022-09-28 19:42:18'),
(10, 3, 21.2, 51, NULL, '2022-09-28 19:49:10'),
(11, 3, 21.2, 52, NULL, '2022-09-28 20:04:58'),
(12, 3, 21.3, 52, NULL, '2022-09-28 20:19:17'),
(13, 3, 21.3, 52, NULL, '2022-09-28 20:24:17'),
(14, 3, 21.4, 52, NULL, '2022-09-28 20:39:09'),
(15, 3, 21.4, 52, NULL, '2022-09-28 20:55:18'),
(16, 1, 22, 52, 79, '2022-09-28 20:58:25'),
(17, 3, 21.3, 52, NULL, '2022-09-28 21:03:22'),
(18, 1, 22.75, 51, 79, '2022-09-28 21:04:48'),
(19, 3, 21.4, 52, NULL, '2022-09-28 21:08:28'),
(20, 1, 22.25, 51.5, 79, '2022-09-28 21:10:29'),
(21, 3, 21.4, 52, NULL, '2022-09-28 21:15:00'),
(22, 1, 21.75, 53, 79, '2022-09-28 21:19:25'),
(23, 3, 21.4, 52, NULL, '2022-09-28 21:20:00'),
(24, 3, 21.4, 52, NULL, '2022-09-28 21:25:00'),
(25, 1, 21.5, 54, 79, '2022-09-28 21:35:55'),
(26, 3, 21.4, 52, NULL, '2022-09-28 21:35:58'),
(27, 1, 21.5, 54, 79, '2022-09-28 21:37:55'),
(28, 3, 21.4, 52, NULL, '2022-09-28 21:47:31'),
(29, 2, 11.12, 82, 98, '2022-09-28 21:47:40'),
(30, 1, 21.25, 50, 77, '2022-09-28 21:49:54'),
(31, 2, 12.5, 78, 98, '2022-09-28 21:53:12'),
(32, 1, 20.75, 49.5, 77, '2022-09-28 21:55:06'),
(33, 2, 12.5, 78, 98, '2022-09-28 21:55:58'),
(34, 2, 12.5, 78, 98, '2022-09-28 21:58:14'),
(35, 1, 20.25, 50, 77, '2022-09-28 22:00:19'),
(36, 3, 20.5, 50, NULL, '2022-09-28 22:03:11'),
(37, 3, 19.5, 50, NULL, '2022-09-28 22:08:11'),
(38, 1, 19.75, 50.5, 77, '2022-09-28 22:09:44'),
(39, 3, 19.5, 50, NULL, '2022-09-28 22:13:11'),
(40, 3, 19.5, 50, NULL, '2022-09-28 22:18:11'),
(41, 2, 11.5, 80, 98, '2022-09-28 22:19:30'),
(42, 3, 19, 50, NULL, '2022-09-28 22:23:12'),
(43, 3, 19.1, 51, NULL, '2022-09-28 22:33:54'),
(44, 3, 19.1, 51, NULL, '2022-09-28 22:35:23'),
(45, 1, 20.25, 52, 77, '2022-09-28 22:36:27'),
(46, 1, 20.25, 52, 77, '2022-09-28 22:36:57'),
(47, 3, 19.9, 51, NULL, '2022-09-28 22:41:38'),
(48, 2, 10.88, 83, 85, '2022-09-28 22:54:53'),
(49, 2, 10.88, 83, 85, '2022-09-28 22:54:57'),
(50, 3, 20.6, 50, NULL, '2022-09-28 22:59:54'),
(51, 1, 20.75, 52.5, 79, '2022-09-28 23:10:05'),
(52, 3, 20.8, 50, NULL, '2022-09-28 23:17:16'),
(53, 3, 21, 50, NULL, '2022-09-28 23:35:44'),
(54, 3, 21, 50, NULL, '2022-09-28 23:36:06'),
(55, 1, 20.88, 55, 82, '2022-09-28 23:41:03'),
(56, 1, 20.88, 55, 82, '2022-09-28 23:41:23'),
(57, 2, 10.5, 84.5, 91, '2022-09-29 01:07:12'),
(58, 1, 21.25, 54.5, 85, '2022-09-29 02:11:45'),
(59, 1, 20.75, 54.5, 85, '2022-09-29 02:55:50'),
(60, 1, 20.75, 54.5, 85, '2022-09-29 02:56:04'),
(61, 1, 21.25, 54.5, 85, '2022-09-29 03:01:02'),
(62, 1, 21.25, 54.5, 85, '2022-09-29 03:01:08'),
(63, 2, 9.5, 85.5, 94, '2022-09-29 03:27:41'),
(64, 1, 22.12, 55, 85, '2022-09-29 03:37:38'),
(65, 3, 21.2, 52, NULL, '2022-09-29 03:39:32'),
(66, 3, 21.2, 52, NULL, '2022-09-29 03:44:32'),
(67, 1, 21.62, 51, 85, '2022-09-29 03:45:11'),
(68, 3, 21.2, 52, NULL, '2022-09-29 03:49:32'),
(69, 3, 20.8, 51, NULL, '2022-09-29 03:54:32'),
(70, 2, 9.38, 86, 94, '2022-09-29 03:55:52'),
(71, 3, 20.8, 51, NULL, '2022-09-29 03:59:32'),
(72, 3, 20.9, 51, NULL, '2022-09-29 04:04:32'),
(73, 3, 20.9, 51, NULL, '2022-09-29 04:09:32'),
(74, 3, 21, 51, NULL, '2022-09-29 04:14:32'),
(75, 3, 21, 51, NULL, '2022-09-29 04:19:32'),
(76, 3, 21.1, 51, NULL, '2022-09-29 04:24:33'),
(77, 3, 21.1, 51, NULL, '2022-09-29 04:29:32'),
(78, 3, 21.1, 51, NULL, '2022-09-29 04:34:32'),
(79, 3, 21.1, 51, NULL, '2022-09-29 04:39:32'),
(80, 3, 21.1, 51, NULL, '2022-09-29 04:44:32'),
(81, 3, 21.1, 51, NULL, '2022-09-29 04:49:32'),
(82, 3, 21, 51, NULL, '2022-09-29 04:54:32'),
(83, 3, 21, 51, NULL, '2022-09-29 04:59:32'),
(84, 3, 21, 51, NULL, '2022-09-29 05:04:32'),
(85, 3, 21, 51, NULL, '2022-09-29 05:09:32'),
(86, 3, 21, 52, NULL, '2022-09-29 05:14:32'),
(87, 3, 21, 52, NULL, '2022-09-29 05:19:32'),
(88, 3, 21, 52, NULL, '2022-09-29 05:24:32'),
(89, 3, 21, 52, NULL, '2022-09-29 05:29:32'),
(90, 3, 21, 52, NULL, '2022-09-29 05:34:32'),
(91, 3, 21, 52, NULL, '2022-09-29 05:39:32'),
(92, 3, 21, 52, NULL, '2022-09-29 05:44:32'),
(93, 3, 21, 52, NULL, '2022-09-29 05:49:32'),
(94, 3, 21, 52, NULL, '2022-09-29 05:54:32'),
(95, 3, 21, 52, NULL, '2022-09-29 05:59:33'),
(96, 3, 20.9, 52, NULL, '2022-09-29 06:04:32'),
(97, 3, 20.9, 52, NULL, '2022-09-29 06:09:32'),
(98, 3, 20.9, 52, NULL, '2022-09-29 06:14:32'),
(99, 3, 20.9, 52, NULL, '2022-09-29 06:19:32'),
(100, 3, 20.9, 52, NULL, '2022-09-29 06:24:32'),
(101, 3, 20.9, 52, NULL, '2022-09-29 06:29:32'),
(102, 3, 21, 52, NULL, '2022-09-29 06:34:32'),
(103, 3, 21, 52, NULL, '2022-09-29 06:39:33'),
(104, 3, 20.9, 52, NULL, '2022-09-29 06:44:32'),
(105, 3, 20.9, 52, NULL, '2022-09-29 06:49:32'),
(106, 3, 20.9, 52, NULL, '2022-09-29 06:54:32'),
(107, 3, 20.9, 52, NULL, '2022-09-29 06:59:32'),
(108, 3, 20.9, 52, NULL, '2022-09-29 07:04:32'),
(109, 3, 20.9, 52, NULL, '2022-09-29 07:09:33'),
(110, 3, 20.9, 52, NULL, '2022-09-29 07:14:32'),
(111, 3, 20.9, 52, NULL, '2022-09-29 07:19:33'),
(112, 3, 20.9, 53, NULL, '2022-09-29 07:24:32'),
(113, 3, 20.9, 53, NULL, '2022-09-29 07:29:32'),
(114, 3, 20.9, 53, NULL, '2022-09-29 07:34:32'),
(115, 3, 20.9, 53, NULL, '2022-09-29 07:39:32'),
(116, 3, 20.9, 53, NULL, '2022-09-29 07:44:32'),
(117, 3, 20.9, 53, NULL, '2022-09-29 07:49:32'),
(118, 3, 20.9, 53, NULL, '2022-09-29 07:54:33'),
(119, 3, 20.9, 53, NULL, '2022-09-29 07:59:32'),
(120, 3, 20.9, 53, NULL, '2022-09-29 08:04:32'),
(121, 3, 20.9, 53, NULL, '2022-09-29 08:09:32'),
(122, 3, 20.9, 53, NULL, '2022-09-29 08:14:32'),
(123, 3, 20.9, 53, NULL, '2022-09-29 08:19:32'),
(124, 3, 20.9, 53, NULL, '2022-09-29 08:24:32'),
(125, 3, 20.9, 53, NULL, '2022-09-29 08:29:33'),
(126, 3, 20.9, 53, NULL, '2022-09-29 08:34:32'),
(127, 3, 20.9, 53, NULL, '2022-09-29 08:39:33'),
(128, 3, 20.9, 53, NULL, '2022-09-29 08:44:32'),
(129, 3, 20.9, 53, NULL, '2022-09-29 08:49:32'),
(130, 3, 20.9, 53, NULL, '2022-09-29 08:54:32'),
(131, 3, 20.9, 53, NULL, '2022-09-29 08:59:33'),
(132, 3, 20.9, 53, NULL, '2022-09-29 09:04:32'),
(133, 3, 20.9, 53, NULL, '2022-09-29 09:09:32'),
(134, 3, 20.9, 53, NULL, '2022-09-29 09:14:32'),
(135, 3, 20.9, 53, NULL, '2022-09-29 09:19:34'),
(136, 3, 20.9, 53, NULL, '2022-09-29 09:24:32'),
(137, 3, 20.9, 53, NULL, '2022-09-29 09:29:32'),
(138, 3, 20.9, 53, NULL, '2022-09-29 09:34:32'),
(139, 3, 20.9, 53, NULL, '2022-09-29 09:39:33'),
(140, 3, 20.9, 53, NULL, '2022-09-29 09:44:32'),
(141, 3, 20.9, 53, NULL, '2022-09-29 09:49:32'),
(142, 3, 20.9, 53, NULL, '2022-09-29 09:54:32'),
(143, 3, 20.9, 53, NULL, '2022-09-29 09:59:33'),
(144, 2, 10.5, 84.5, 98, '2022-09-29 10:01:57'),
(145, 3, 20.9, 53, NULL, '2022-09-29 10:04:32'),
(146, 3, 20.9, 53, NULL, '2022-09-29 10:09:33'),
(147, 3, 20.9, 53, NULL, '2022-09-29 10:14:32'),
(148, 3, 20.9, 53, NULL, '2022-09-29 10:19:32'),
(149, 3, 20.9, 53, NULL, '2022-09-29 10:24:33'),
(150, 3, 20.9, 53, NULL, '2022-09-29 10:29:33'),
(151, 3, 20.9, 53, NULL, '2022-09-29 10:34:33'),
(152, 3, 20.9, 53, NULL, '2022-09-29 10:39:33'),
(153, 3, 20.9, 53, NULL, '2022-09-29 10:44:32'),
(154, 3, 20.9, 53, NULL, '2022-09-29 10:49:33'),
(155, 2, 11, 83, 97, '2022-09-29 10:49:58'),
(156, 3, 20.9, 53, NULL, '2022-09-29 10:54:33'),
(157, 3, 20.9, 53, NULL, '2022-09-29 10:59:33'),
(158, 2, 11.5, 83, 97, '2022-09-29 11:04:32'),
(159, 3, 20.9, 54, NULL, '2022-09-29 11:04:32'),
(160, 3, 20.9, 54, NULL, '2022-09-29 11:09:32'),
(161, 3, 20.9, 54, NULL, '2022-09-29 11:14:33'),
(162, 3, 20.9, 54, NULL, '2022-09-29 11:19:33'),
(163, 3, 20.9, 54, NULL, '2022-09-29 11:24:32'),
(164, 3, 20.9, 54, NULL, '2022-09-29 11:29:32'),
(165, 3, 21, 54, NULL, '2022-09-29 11:34:32'),
(166, 3, 21, 54, NULL, '2022-09-29 11:39:33'),
(167, 3, 20.9, 54, NULL, '2022-09-29 11:44:33'),
(168, 3, 20.9, 54, NULL, '2022-09-29 11:49:34'),
(169, 3, 20.9, 54, NULL, '2022-09-29 11:54:33'),
(170, 3, 20.9, 54, NULL, '2022-09-29 11:59:33'),
(171, 3, 20.9, 54, NULL, '2022-09-29 12:04:32'),
(172, 3, 20.9, 54, NULL, '2022-09-29 12:09:33'),
(173, 3, 20.9, 54, NULL, '2022-09-29 12:14:32'),
(174, 3, 20.9, 54, NULL, '2022-09-29 12:19:34'),
(175, 3, 20.9, 54, NULL, '2022-09-29 12:24:33'),
(176, 3, 20.9, 54, NULL, '2022-09-29 12:29:33'),
(177, 2, 11.75, 80, 97, '2022-09-29 12:33:21'),
(178, 3, 20.9, 54, NULL, '2022-09-29 12:34:35'),
(179, 3, 20.9, 54, NULL, '2022-09-29 12:39:35'),
(180, 3, 20.9, 54, NULL, '2022-09-29 12:44:32'),
(181, 3, 20.9, 54, NULL, '2022-09-29 12:49:33'),
(182, 3, 20.9, 54, NULL, '2022-09-29 12:54:33'),
(183, 3, 20.9, 54, NULL, '2022-09-29 12:59:33'),
(184, 3, 20.9, 54, NULL, '2022-09-29 13:04:33'),
(185, 3, 20.9, 54, NULL, '2022-09-29 13:09:33'),
(186, 3, 20.9, 54, NULL, '2022-09-29 13:14:32'),
(187, 3, 20.9, 54, NULL, '2022-09-29 13:19:33'),
(188, 3, 20.9, 54, NULL, '2022-09-29 13:24:32'),
(189, 3, 20.9, 54, NULL, '2022-09-29 13:29:33'),
(190, 3, 20.9, 54, NULL, '2022-09-29 13:34:32'),
(191, 3, 20.9, 54, NULL, '2022-09-29 13:39:33'),
(192, 3, 20.9, 54, NULL, '2022-09-29 13:44:32'),
(193, 3, 20.9, 54, NULL, '2022-09-29 13:49:33'),
(194, 3, 20.9, 54, NULL, '2022-09-29 13:54:32'),
(195, 3, 20.9, 54, NULL, '2022-09-29 13:59:33'),
(196, 3, 20.9, 54, NULL, '2022-09-29 14:04:32'),
(197, 3, 20.9, 54, NULL, '2022-09-29 14:09:33'),
(198, 3, 20.9, 54, NULL, '2022-09-29 14:14:33'),
(199, 3, 20.9, 54, NULL, '2022-09-29 14:19:33'),
(200, 3, 20.9, 54, NULL, '2022-09-29 14:24:33'),
(201, 3, 20.9, 54, NULL, '2022-09-29 14:29:33'),
(202, 3, 20.9, 54, NULL, '2022-09-29 14:34:32'),
(203, 3, 20.9, 54, NULL, '2022-09-29 14:39:33'),
(204, 3, 20.9, 54, NULL, '2022-09-29 14:44:32'),
(205, 3, 20.9, 54, NULL, '2022-09-29 14:49:33'),
(206, 3, 20.9, 54, NULL, '2022-09-29 14:54:32'),
(207, 3, 20.9, 54, NULL, '2022-09-29 14:59:33'),
(208, 1, 21.75, 56, 93, '2022-09-29 14:59:47'),
(209, 3, 20.9, 54, NULL, '2022-09-29 15:04:32'),
(210, 3, 20.9, 54, NULL, '2022-09-29 15:09:35'),
(211, 3, 20.9, 54, NULL, '2022-09-29 15:14:32'),
(212, 3, 20.9, 54, NULL, '2022-09-29 15:19:33'),
(213, 3, 20.9, 54, NULL, '2022-09-29 15:24:33'),
(214, 2, 12.5, 78, 98, '2022-09-29 15:29:02'),
(215, 3, 20.9, 54, NULL, '2022-09-29 15:29:32'),
(216, 3, 20.9, 54, NULL, '2022-09-29 15:34:32'),
(217, 2, 12.62, 77, 98, '2022-09-29 15:38:08'),
(218, 3, 21, 54, NULL, '2022-09-29 15:39:33'),
(219, 3, 21, 54, NULL, '2022-09-29 15:44:33'),
(220, 3, 20.9, 54, NULL, '2022-09-29 15:49:33'),
(221, 3, 20.9, 54, NULL, '2022-09-29 15:54:32'),
(222, 3, 20.9, 54, NULL, '2022-09-29 15:59:34'),
(223, 3, 20.9, 54, NULL, '2022-09-29 16:04:33'),
(224, 3, 20.9, 54, NULL, '2022-09-29 16:09:33'),
(225, 3, 20.9, 54, NULL, '2022-09-29 16:14:32'),
(226, 3, 20.9, 54, NULL, '2022-09-29 16:19:33'),
(227, 3, 20.9, 54, NULL, '2022-09-29 16:24:32'),
(228, 3, 20.9, 54, NULL, '2022-09-29 16:29:33'),
(229, 3, 20.9, 54, NULL, '2022-09-29 16:34:33'),
(230, 3, 20.9, 54, NULL, '2022-09-29 16:39:33'),
(231, 3, 20.9, 54, NULL, '2022-09-29 16:44:33'),
(232, 3, 21, 54, NULL, '2022-09-29 16:49:33'),
(233, 3, 21, 54, NULL, '2022-09-29 16:54:33'),
(234, 3, 20.9, 54, NULL, '2022-09-29 16:59:33'),
(235, 3, 20.9, 54, NULL, '2022-09-29 17:04:33'),
(236, 3, 21, 54, NULL, '2022-09-29 17:09:33'),
(237, 3, 21, 54, NULL, '2022-09-29 17:14:32'),
(238, 3, 21, 54, NULL, '2022-09-29 17:19:33'),
(239, 3, 21, 54, NULL, '2022-09-29 17:24:32'),
(240, 2, 12.38, 73.5, 98, '2022-09-29 17:27:18'),
(241, 3, 21, 54, NULL, '2022-09-29 17:29:33'),
(242, 3, 21, 54, NULL, '2022-09-29 17:34:32'),
(243, 2, 12.62, 76.5, 98, '2022-09-29 17:38:13'),
(244, 3, 20.9, 54, NULL, '2022-09-29 17:39:33'),
(245, 3, 20.9, 54, NULL, '2022-09-29 17:44:32'),
(246, 3, 20.9, 54, NULL, '2022-09-29 17:49:33'),
(247, 3, 20.9, 54, NULL, '2022-09-29 17:54:33'),
(248, 3, 21, 54, NULL, '2022-09-29 17:59:33'),
(249, 3, 21, 54, NULL, '2022-09-29 18:04:33'),
(250, 3, 21, 54, NULL, '2022-09-29 18:09:33'),
(251, 3, 21, 54, NULL, '2022-09-29 18:14:33'),
(252, 3, 20.9, 54, NULL, '2022-09-29 18:19:33'),
(253, 3, 20.9, 54, NULL, '2022-09-29 18:24:32'),
(254, 3, 21, 54, NULL, '2022-09-29 18:29:33'),
(255, 3, 21, 54, NULL, '2022-09-29 18:34:32'),
(256, 3, 20.9, 54, NULL, '2022-09-29 18:39:33'),
(257, 3, 20.9, 54, NULL, '2022-09-29 18:44:32'),
(258, 3, 20.9, 54, NULL, '2022-09-29 18:49:33'),
(259, 3, 20.9, 54, NULL, '2022-09-29 18:54:33'),
(260, 3, 20.9, 54, NULL, '2022-09-29 18:59:33'),
(261, 3, 20.9, 54, NULL, '2022-09-29 19:04:32'),
(262, 3, 21, 54, NULL, '2022-09-29 19:09:32'),
(263, 3, 21, 54, NULL, '2022-09-29 19:14:33'),
(264, 3, 21, 54, NULL, '2022-09-29 19:19:33'),
(265, 3, 21, 54, NULL, '2022-09-29 19:24:33'),
(266, 3, 21, 54, NULL, '2022-09-29 19:29:33'),
(267, 3, 21, 54, NULL, '2022-09-29 19:34:32'),
(268, 3, 21, 54, NULL, '2022-09-29 19:39:33'),
(269, 3, 21, 54, NULL, '2022-09-29 19:44:32'),
(270, 3, 21, 54, NULL, '2022-09-29 19:49:33'),
(271, 3, 21, 54, NULL, '2022-09-29 19:54:33'),
(272, 3, 21, 54, NULL, '2022-09-29 19:59:35'),
(273, 3, 21, 54, NULL, '2022-09-29 20:04:33'),
(274, 3, 21, 54, NULL, '2022-09-29 20:09:33'),
(275, 2, 11.88, 79.5, 98, '2022-09-29 20:11:22'),
(276, 3, 21, 54, NULL, '2022-09-29 20:14:33'),
(277, 3, 21, 54, NULL, '2022-09-29 20:19:34'),
(278, 3, 21, 54, NULL, '2022-09-29 20:24:33'),
(279, 3, 21, 54, NULL, '2022-09-29 20:29:33'),
(280, 3, 21, 54, NULL, '2022-09-29 20:34:33'),
(281, 3, 21, 54, NULL, '2022-09-29 20:39:33'),
(282, 3, 21, 54, NULL, '2022-09-29 20:44:33'),
(283, 3, 20.8, 52, NULL, '2022-09-29 20:49:33'),
(284, 3, 20.8, 52, NULL, '2022-09-29 20:54:36'),
(285, 1, 21.38, 50, 95, '2022-09-29 20:56:49'),
(286, 3, 19.8, 52, NULL, '2022-09-29 20:59:33'),
(287, 3, 19.8, 52, NULL, '2022-09-29 21:04:33'),
(288, 3, 19.1, 51, NULL, '2022-09-29 21:09:33'),
(289, 3, 19.1, 51, NULL, '2022-09-29 21:14:33'),
(290, 2, 11.5, 80, 97, '2022-09-29 21:17:33'),
(291, 3, 19.1, 52, NULL, '2022-09-29 21:19:38'),
(292, 3, 19.1, 52, NULL, '2022-09-29 21:24:33'),
(293, 3, 19.7, 52, NULL, '2022-09-29 21:29:33'),
(294, 3, 19.7, 52, NULL, '2022-09-29 21:34:33'),
(295, 3, 20.1, 52, NULL, '2022-09-29 21:39:33'),
(296, 3, 20.1, 52, NULL, '2022-09-29 21:44:33'),
(297, 3, 20.2, 51, NULL, '2022-09-29 21:49:33'),
(298, 3, 20.2, 51, NULL, '2022-09-29 21:54:33'),
(299, 3, 20.4, 51, NULL, '2022-09-29 21:59:33'),
(300, 3, 20.4, 51, NULL, '2022-09-29 22:04:33'),
(301, 3, 20.4, 51, NULL, '2022-09-29 22:09:33'),
(302, 3, 20.4, 51, NULL, '2022-09-29 22:14:34'),
(303, 3, 20.5, 51, NULL, '2022-09-29 22:19:33'),
(304, 2, 10.75, 82.5, 98, '2022-09-29 22:21:30'),
(305, 3, 20.5, 51, NULL, '2022-09-29 22:24:33'),
(306, 3, 20.6, 51, NULL, '2022-09-29 22:29:33'),
(307, 3, 20.6, 51, NULL, '2022-09-29 22:34:33'),
(308, 3, 20.6, 51, NULL, '2022-09-29 22:39:33'),
(309, 3, 20.6, 51, NULL, '2022-09-29 22:44:33'),
(310, 3, 20.6, 51, NULL, '2022-09-29 22:49:33'),
(311, 2, 10.5, 82.5, 98, '2022-09-29 22:51:57'),
(312, 3, 20.6, 51, NULL, '2022-09-29 22:54:33'),
(313, 3, 20.7, 51, NULL, '2022-09-29 22:59:33'),
(314, 3, 20.7, 51, NULL, '2022-09-29 23:04:33'),
(315, 3, 20.7, 51, NULL, '2022-09-29 23:09:33'),
(316, 3, 20.7, 51, NULL, '2022-09-29 23:14:33'),
(317, 3, 20.7, 51, NULL, '2022-09-29 23:19:33'),
(318, 3, 20.7, 51, NULL, '2022-09-29 23:24:33'),
(319, 3, 20.7, 51, NULL, '2022-09-29 23:29:33'),
(320, 3, 20.7, 51, NULL, '2022-09-29 23:34:33'),
(321, 3, 20.7, 51, NULL, '2022-09-29 23:39:33'),
(322, 3, 20.7, 51, NULL, '2022-09-29 23:44:33'),
(323, 3, 20.7, 51, NULL, '2022-09-29 23:49:33'),
(324, 3, 20.7, 51, NULL, '2022-09-29 23:54:33'),
(325, 3, 20.7, 51, NULL, '2022-09-29 23:59:33'),
(326, 3, 20.7, 51, NULL, '2022-09-30 00:04:34'),
(327, 3, 20.7, 51, NULL, '2022-09-30 00:09:33'),
(328, 3, 20.8, 51, NULL, '2022-09-30 00:14:32'),
(329, 3, 20.8, 51, NULL, '2022-09-30 00:19:33'),
(330, 3, 20.8, 51, NULL, '2022-09-30 00:24:32'),
(331, 3, 20.8, 51, NULL, '2022-09-30 00:29:33'),
(332, 3, 20.8, 51, NULL, '2022-09-30 00:34:33'),
(333, 3, 20.8, 51, NULL, '2022-09-30 00:39:33'),
(334, 3, 20.7, 51, NULL, '2022-09-30 00:44:33'),
(335, 3, 20.7, 51, NULL, '2022-09-30 00:49:33'),
(336, 3, 20.8, 51, NULL, '2022-09-30 00:54:33'),
(337, 3, 20.8, 51, NULL, '2022-09-30 00:59:33'),
(338, 3, 20.7, 51, NULL, '2022-09-30 01:04:33'),
(339, 3, 20.7, 51, NULL, '2022-09-30 01:09:33'),
(340, 3, 20.8, 51, NULL, '2022-09-30 01:14:33'),
(341, 3, 20.8, 51, NULL, '2022-09-30 01:19:33'),
(342, 3, 20.8, 51, NULL, '2022-09-30 01:24:33'),
(343, 3, 20.8, 51, NULL, '2022-09-30 01:29:33'),
(344, 3, 20.7, 51, NULL, '2022-09-30 01:34:33'),
(345, 3, 20.7, 51, NULL, '2022-09-30 01:39:33'),
(346, 3, 20.8, 51, NULL, '2022-09-30 01:44:33'),
(347, 3, 20.8, 51, NULL, '2022-09-30 01:49:33'),
(348, 2, 9.5, 83.5, 98, '2022-09-30 01:50:05'),
(349, 3, 20.8, 51, NULL, '2022-09-30 01:54:33'),
(350, 3, 20.8, 51, NULL, '2022-09-30 01:59:33'),
(351, 3, 20.8, 51, NULL, '2022-09-30 02:04:33'),
(352, 3, 20.8, 51, NULL, '2022-09-30 02:09:33'),
(353, 3, 20.8, 51, NULL, '2022-09-30 02:14:33'),
(354, 3, 20.8, 51, NULL, '2022-09-30 02:19:33'),
(355, 3, 20.8, 51, NULL, '2022-09-30 02:24:33'),
(356, 3, 20.8, 51, NULL, '2022-09-30 02:29:33'),
(357, 3, 20.7, 51, NULL, '2022-09-30 02:34:33'),
(358, 3, 20.7, 51, NULL, '2022-09-30 02:39:33'),
(359, 3, 20.7, 51, NULL, '2022-09-30 02:44:33'),
(360, 3, 20.7, 51, NULL, '2022-09-30 02:49:33'),
(361, 3, 20.7, 51, NULL, '2022-09-30 02:54:32'),
(362, 3, 20.7, 51, NULL, '2022-09-30 02:59:33'),
(363, 3, 20.7, 51, NULL, '2022-09-30 03:04:33'),
(364, 3, 20.7, 51, NULL, '2022-09-30 03:09:33'),
(365, 3, 20.7, 51, NULL, '2022-09-30 03:14:33'),
(366, 3, 20.7, 51, NULL, '2022-09-30 03:19:33'),
(367, 3, 20.8, 51, NULL, '2022-09-30 03:24:33'),
(368, 3, 20.8, 51, NULL, '2022-09-30 03:29:33'),
(369, 3, 20.7, 51, NULL, '2022-09-30 03:34:33'),
(370, 3, 20.7, 51, NULL, '2022-09-30 03:39:33'),
(371, 3, 20.7, 51, NULL, '2022-09-30 03:44:33'),
(372, 3, 20.7, 51, NULL, '2022-09-30 03:49:33'),
(373, 3, 20.7, 51, NULL, '2022-09-30 03:54:33'),
(374, 3, 20.7, 51, NULL, '2022-09-30 03:59:33'),
(375, 3, 20.7, 51, NULL, '2022-09-30 04:04:33'),
(376, 3, 20.7, 51, NULL, '2022-09-30 04:09:33'),
(377, 3, 20.7, 51, NULL, '2022-09-30 04:14:33'),
(378, 2, 8.5, 84.5, 99, '2022-09-30 04:15:07'),
(379, 3, 20.7, 51, NULL, '2022-09-30 04:19:33'),
(380, 3, 20.7, 51, NULL, '2022-09-30 04:24:33'),
(381, 3, 20.7, 51, NULL, '2022-09-30 04:29:33'),
(382, 3, 20.7, 51, NULL, '2022-09-30 04:34:33'),
(383, 3, 20.7, 51, NULL, '2022-09-30 04:39:33'),
(384, 3, 20.7, 51, NULL, '2022-09-30 04:44:33'),
(385, 3, 20.7, 51, NULL, '2022-09-30 04:49:33'),
(386, 3, 20.7, 51, NULL, '2022-09-30 04:54:33'),
(387, 3, 20.7, 51, NULL, '2022-09-30 04:59:34'),
(388, 3, 20.7, 51, NULL, '2022-09-30 05:04:33'),
(389, 3, 20.7, 51, NULL, '2022-09-30 05:09:33'),
(390, 3, 20.8, 51, NULL, '2022-09-30 05:14:33'),
(391, 3, 20.8, 51, NULL, '2022-09-30 05:19:33'),
(392, 3, 20.7, 51, NULL, '2022-09-30 05:24:33'),
(393, 3, 20.7, 51, NULL, '2022-09-30 05:29:33'),
(394, 3, 20.7, 51, NULL, '2022-09-30 05:34:33'),
(395, 3, 20.7, 51, NULL, '2022-09-30 05:39:33'),
(396, 3, 20.8, 51, NULL, '2022-09-30 05:44:33'),
(397, 3, 20.8, 51, NULL, '2022-09-30 05:49:33'),
(398, 3, 20.7, 51, NULL, '2022-09-30 05:54:33'),
(399, 3, 20.7, 51, NULL, '2022-09-30 05:59:33'),
(400, 3, 20.7, 51, NULL, '2022-09-30 06:04:33'),
(401, 3, 20.7, 51, NULL, '2022-09-30 06:09:33'),
(402, 3, 20.7, 51, NULL, '2022-09-30 06:14:33'),
(403, 3, 20.7, 51, NULL, '2022-09-30 06:19:34'),
(404, 3, 20.8, 51, NULL, '2022-09-30 06:24:34'),
(405, 3, 20.8, 51, NULL, '2022-09-30 06:29:33'),
(406, 3, 20.7, 51, NULL, '2022-09-30 06:34:33'),
(407, 3, 20.7, 51, NULL, '2022-09-30 06:39:33'),
(408, 3, 20.7, 51, NULL, '2022-09-30 06:44:33'),
(409, 3, 20.7, 51, NULL, '2022-09-30 06:49:33'),
(410, 2, 8.12, 85.5, 100, '2022-09-30 06:51:55'),
(411, 3, 20.7, 51, NULL, '2022-09-30 06:54:33'),
(412, 3, 20.7, 51, NULL, '2022-09-30 06:59:33'),
(413, 3, 20.7, 51, NULL, '2022-09-30 07:04:33'),
(414, 3, 20.7, 51, NULL, '2022-09-30 07:09:33'),
(415, 3, 20.7, 51, NULL, '2022-09-30 07:14:33'),
(416, 3, 20.7, 51, NULL, '2022-09-30 07:19:33'),
(417, 3, 20.7, 51, NULL, '2022-09-30 07:24:33'),
(418, 3, 20.7, 51, NULL, '2022-09-30 07:29:33'),
(419, 3, 20.7, 51, NULL, '2022-09-30 07:34:33'),
(420, 3, 20.7, 51, NULL, '2022-09-30 07:39:34'),
(421, 3, 20.7, 51, NULL, '2022-09-30 07:44:33'),
(422, 3, 20.7, 51, NULL, '2022-09-30 07:49:33'),
(423, 3, 20.7, 51, NULL, '2022-09-30 07:54:33'),
(424, 3, 20.7, 51, NULL, '2022-09-30 07:59:33'),
(425, 3, 20.7, 51, NULL, '2022-09-30 08:04:34'),
(426, 3, 20.7, 51, NULL, '2022-09-30 08:09:33'),
(427, 1, 21.88, 52, 98, '2022-09-30 08:11:45'),
(428, 3, 20.7, 51, NULL, '2022-09-30 08:14:34'),
(429, 3, 20.7, 51, NULL, '2022-09-30 08:19:33'),
(430, 3, 20.7, 51, NULL, '2022-09-30 08:24:33'),
(431, 3, 20.7, 51, NULL, '2022-09-30 08:29:32'),
(432, 3, 20.7, 51, NULL, '2022-09-30 08:34:34'),
(433, 3, 20.7, 51, NULL, '2022-09-30 08:39:33'),
(434, 3, 20.7, 51, NULL, '2022-09-30 08:44:33'),
(435, 3, 20.7, 51, NULL, '2022-09-30 08:49:33'),
(436, 3, 20.7, 51, NULL, '2022-09-30 08:54:33'),
(437, 3, 20.7, 51, NULL, '2022-09-30 08:59:33'),
(438, 3, 20.7, 51, NULL, '2022-09-30 09:04:33'),
(439, 3, 20.7, 51, NULL, '2022-09-30 09:09:33'),
(440, 3, 20.7, 51, NULL, '2022-09-30 09:14:33'),
(441, 3, 20.7, 51, NULL, '2022-09-30 09:19:38'),
(442, 3, 20.8, 51, NULL, '2022-09-30 09:24:33'),
(443, 3, 20.8, 51, NULL, '2022-09-30 09:29:33'),
(444, 3, 20.7, 51, NULL, '2022-09-30 09:34:33'),
(445, 3, 20.7, 51, NULL, '2022-09-30 09:39:33'),
(446, 3, 20.7, 51, NULL, '2022-09-30 09:44:33'),
(447, 3, 20.7, 51, NULL, '2022-09-30 09:49:33'),
(448, 3, 20.7, 51, NULL, '2022-09-30 09:54:33'),
(449, 2, 9.5, 85.5, 99, '2022-09-30 09:55:56'),
(450, 3, 20.7, 51, NULL, '2022-09-30 09:59:33'),
(451, 3, 20.7, 51, NULL, '2022-09-30 10:04:33'),
(452, 3, 20.8, 51, NULL, '2022-09-30 10:09:33'),
(453, 3, 20.8, 51, NULL, '2022-09-30 10:14:33'),
(454, 3, 20.7, 51, NULL, '2022-09-30 10:19:33'),
(455, 3, 20.7, 51, NULL, '2022-09-30 10:24:33'),
(456, 3, 20.8, 51, NULL, '2022-09-30 10:29:33'),
(457, 3, 20.8, 51, NULL, '2022-09-30 10:34:33'),
(458, 3, 20.8, 51, NULL, '2022-09-30 10:39:33'),
(459, 3, 20.8, 51, NULL, '2022-09-30 10:44:33'),
(460, 3, 20.8, 51, NULL, '2022-09-30 10:49:33'),
(461, 3, 20.8, 51, NULL, '2022-09-30 10:54:33'),
(462, 1, 21.62, 55, 98, '2022-09-30 10:59:07'),
(463, 3, 20.8, 51, NULL, '2022-09-30 10:59:33'),
(464, 3, 20.8, 51, NULL, '2022-09-30 11:04:35'),
(465, 3, 20.8, 51, NULL, '2022-09-30 11:09:33'),
(466, 3, 20.8, 51, NULL, '2022-09-30 11:14:33'),
(467, 3, 20.8, 51, NULL, '2022-09-30 11:24:33'),
(468, 3, 20.8, 51, NULL, '2022-09-30 11:29:33'),
(469, 3, 20.8, 51, NULL, '2022-09-30 11:34:33'),
(470, 3, 20.8, 51, NULL, '2022-09-30 11:39:33'),
(471, 3, 20.8, 51, NULL, '2022-09-30 11:44:33'),
(472, 3, 20.8, 51, NULL, '2022-09-30 11:49:33'),
(473, 3, 20.8, 51, NULL, '2022-09-30 11:54:33'),
(474, 3, 20.9, 51, NULL, '2022-09-30 11:59:33'),
(475, 3, 20.9, 51, NULL, '2022-09-30 12:04:33'),
(476, 3, 20.9, 51, NULL, '2022-09-30 12:09:33'),
(477, 3, 20.9, 51, NULL, '2022-09-30 12:14:33'),
(478, 3, 20.9, 51, NULL, '2022-09-30 12:19:33'),
(479, 3, 20.9, 51, NULL, '2022-09-30 12:24:33'),
(480, 3, 20.9, 51, NULL, '2022-09-30 12:29:33'),
(481, 2, 10.5, 85, 99, '2022-09-30 12:31:47'),
(482, 3, 20.9, 51, NULL, '2022-09-30 12:34:38'),
(483, 3, 20.9, 51, NULL, '2022-09-30 12:39:33'),
(484, 3, 20.9, 51, NULL, '2022-09-30 12:44:33'),
(485, 3, 20.9, 51, NULL, '2022-09-30 12:49:33'),
(486, 3, 20.9, 51, NULL, '2022-09-30 12:54:33'),
(487, 3, 20.9, 51, NULL, '2022-09-30 12:59:33'),
(488, 3, 20.9, 51, NULL, '2022-09-30 13:04:34'),
(489, 3, 20.9, 51, NULL, '2022-09-30 13:09:33'),
(490, 3, 20.9, 51, NULL, '2022-09-30 13:14:33'),
(491, 3, 20.9, 51, NULL, '2022-09-30 13:19:33'),
(492, 2, 11.25, 82, 98, '2022-09-30 13:23:26'),
(493, 3, 20.9, 51, NULL, '2022-09-30 13:24:33'),
(494, 3, 20.9, 51, NULL, '2022-09-30 13:29:33'),
(495, 3, 20.9, 51, NULL, '2022-09-30 13:34:33'),
(496, 3, 20.9, 51, NULL, '2022-09-30 13:39:33'),
(497, 3, 20.9, 51, NULL, '2022-09-30 13:44:33'),
(498, 3, 20.9, 51, NULL, '2022-09-30 13:49:33'),
(499, 3, 20.9, 51, NULL, '2022-09-30 13:54:33'),
(500, 3, 20.9, 51, NULL, '2022-09-30 13:59:33'),
(501, 3, 20.9, 51, NULL, '2022-09-30 14:04:33'),
(502, 3, 20.9, 52, NULL, '2022-09-30 14:09:33'),
(503, 2, 11.5, 80, 98, '2022-09-30 14:14:12'),
(504, 3, 20.9, 52, NULL, '2022-09-30 14:14:33'),
(505, 2, 11.75, 78.5, 98, '2022-09-30 14:19:15'),
(506, 3, 21, 52, NULL, '2022-09-30 14:19:33'),
(507, 3, 21, 52, NULL, '2022-09-30 14:24:33'),
(508, 3, 21.1, 52, NULL, '2022-09-30 14:29:33'),
(509, 3, 21.1, 52, NULL, '2022-09-30 14:34:33'),
(510, 3, 21.2, 52, NULL, '2022-09-30 14:39:33'),
(511, 3, 21.2, 52, NULL, '2022-09-30 14:44:33'),
(512, 3, 21.1, 52, NULL, '2022-09-30 14:49:33'),
(513, 3, 21.1, 52, NULL, '2022-09-30 14:54:33'),
(514, 2, 11.88, 81.5, 95, '2022-09-30 14:57:20'),
(515, 3, 21.1, 52, NULL, '2022-09-30 14:59:33'),
(516, 2, 12.12, 84.5, 95, '2022-09-30 15:02:50'),
(517, 3, 21.1, 52, NULL, '2022-09-30 15:04:34'),
(518, 3, 21.1, 51, NULL, '2022-09-30 15:09:33'),
(519, 3, 21.1, 51, NULL, '2022-09-30 15:14:33'),
(520, 2, 12.12, 81.5, 95, '2022-09-30 15:17:23'),
(521, 3, 21.2, 51, NULL, '2022-09-30 15:19:33'),
(522, 2, 12.5, 84.5, 95, '2022-09-30 15:22:26'),
(523, 3, 21.2, 51, NULL, '2022-09-30 15:24:33'),
(524, 3, 21.2, 51, NULL, '2022-09-30 15:29:33'),
(525, 3, 21.2, 51, NULL, '2022-09-30 15:34:33'),
(526, 3, 21.2, 52, NULL, '2022-09-30 15:39:33'),
(527, 3, 21.2, 52, NULL, '2022-09-30 15:44:33'),
(528, 2, 12.12, 87.5, 91, '2022-09-30 15:45:36'),
(529, 3, 21.1, 52, NULL, '2022-09-30 15:49:33'),
(530, 3, 21.1, 52, NULL, '2022-09-30 15:54:33'),
(531, 3, 21.1, 52, NULL, '2022-09-30 15:59:33'),
(532, 1, 22.12, 53, 98, '2022-09-30 16:00:19'),
(533, 3, 21.1, 52, NULL, '2022-09-30 16:04:33'),
(534, 3, 21, 52, NULL, '2022-09-30 16:09:33'),
(535, 3, 21, 52, NULL, '2022-09-30 16:14:33'),
(536, 3, 20.9, 53, NULL, '2022-09-30 16:19:33'),
(537, 3, 20.9, 53, NULL, '2022-09-30 16:24:33'),
(538, 3, 20.9, 53, NULL, '2022-09-30 16:29:33'),
(539, 3, 20.9, 53, NULL, '2022-09-30 16:34:33'),
(540, 3, 20.9, 54, NULL, '2022-09-30 16:39:33'),
(541, 3, 20.9, 54, NULL, '2022-09-30 16:44:33'),
(542, 3, 20.9, 54, NULL, '2022-09-30 16:49:33'),
(543, 3, 20.9, 54, NULL, '2022-09-30 16:54:33'),
(544, 3, 21, 54, NULL, '2022-09-30 16:59:33'),
(545, 3, 21, 54, NULL, '2022-09-30 17:04:33'),
(546, 3, 20.9, 54, NULL, '2022-09-30 17:09:33'),
(547, 3, 20.9, 54, NULL, '2022-09-30 17:14:33'),
(548, 3, 20.9, 54, NULL, '2022-09-30 17:19:33'),
(549, 3, 20.9, 54, NULL, '2022-09-30 17:24:33'),
(550, 3, 20.9, 55, NULL, '2022-09-30 17:29:33'),
(551, 3, 20.9, 55, NULL, '2022-09-30 17:34:33'),
(552, 3, 20.8, 55, NULL, '2022-09-30 17:39:33'),
(553, 3, 20.8, 55, NULL, '2022-09-30 17:44:33'),
(554, 3, 20.9, 55, NULL, '2022-09-30 17:49:33'),
(555, 3, 20.9, 55, NULL, '2022-09-30 17:54:33'),
(556, 3, 20.9, 55, NULL, '2022-09-30 17:59:33'),
(557, 3, 20.9, 55, NULL, '2022-09-30 18:04:33'),
(558, 3, 20.9, 55, NULL, '2022-09-30 18:09:33'),
(559, 2, 12.25, 90.5, 95, '2022-09-30 18:13:38'),
(560, 3, 20.9, 55, NULL, '2022-09-30 18:14:33'),
(561, 3, 20.9, 55, NULL, '2022-09-30 18:19:33'),
(562, 3, 20.9, 55, NULL, '2022-09-30 18:24:33'),
(563, 3, 20.9, 55, NULL, '2022-09-30 18:29:34'),
(564, 3, 20.9, 55, NULL, '2022-09-30 18:34:33'),
(565, 3, 20.9, 56, NULL, '2022-09-30 18:39:33'),
(566, 3, 20.9, 56, NULL, '2022-09-30 18:44:33'),
(567, 1, 21.62, 57, 99, '2022-09-30 18:44:40'),
(568, 3, 21, 56, NULL, '2022-09-30 18:49:33'),
(569, 3, 21, 56, NULL, '2022-09-30 18:54:33'),
(570, 2, 12.12, 87.5, 96, '2022-09-30 19:15:41'),
(571, 2, 12.12, 87.5, 96, '2022-09-30 19:16:03'),
(572, 3, 21.2, 56, NULL, '2022-09-30 19:33:16'),
(573, 2, 12.25, 84.5, 96, '2022-09-30 19:34:39'),
(574, 3, 21.2, 56, NULL, '2022-09-30 19:38:16'),
(575, 3, 21.1, 56, NULL, '2022-09-30 19:43:16'),
(576, 3, 21.1, 56, NULL, '2022-09-30 19:48:16'),
(577, 2, 12.25, 81.5, 96, '2022-09-30 19:48:18'),
(578, 3, 21.1, 57, NULL, '2022-09-30 19:53:16'),
(579, 3, 21.1, 57, NULL, '2022-09-30 19:58:16'),
(580, 3, 21.1, 58, NULL, '2022-09-30 20:35:30'),
(581, 3, 21.1, 59, NULL, '2022-09-30 21:06:17'),
(582, 3, 21.1, 59, NULL, '2022-09-30 21:09:15'),
(583, 1, 21.62, 60, 98, '2022-09-30 21:16:54'),
(584, 3, 21.1, 59, NULL, '2022-09-30 21:18:57'),
(585, 3, 21.1, 58, NULL, '2022-09-30 21:22:18'),
(586, 3, 21.1, 58, NULL, '2022-09-30 21:24:54'),
(587, 3, 21.1, 58, NULL, '2022-09-30 21:25:32'),
(588, 3, 21.2, 58, NULL, '2022-09-30 21:30:20'),
(589, 3, 21.1, 59, NULL, '2022-09-30 22:50:56'),
(590, 2, 11.5, 80.5, 97, '2022-09-30 22:57:30'),
(591, 3, 21.2, 59, NULL, '2022-09-30 23:31:23'),
(592, 3, 21.1, 59, NULL, '2022-09-30 23:42:00'),
(593, 3, 21.1, 59, NULL, '2022-10-01 00:05:39'),
(594, 3, 21.1, 59, NULL, '2022-10-01 00:10:39'),
(595, 3, 21.1, 59, NULL, '2022-10-01 00:15:39'),
(596, 3, 21.1, 60, NULL, '2022-10-01 00:54:00'),
(597, 2, 10.5, 83, 98, '2022-10-01 00:57:33'),
(598, 3, 21, 60, NULL, '2022-10-01 01:16:07'),
(599, 3, 21.1, 60, NULL, '2022-10-01 01:26:23'),
(600, 3, 21.3, 60, NULL, '2022-10-01 03:25:08'),
(601, 3, 21.1, 60, NULL, '2022-10-01 03:52:59'),
(602, 1, 21.12, 54.5, 100, '2022-10-01 04:15:20'),
(603, 1, 20.12, 52, 100, '2022-10-01 04:20:33'),
(604, 3, 21.2, 60, NULL, '2022-10-01 04:21:13'),
(605, 1, 19.62, 51.5, 100, '2022-10-01 04:27:09'),
(606, 3, 20.2, 56, NULL, '2022-10-01 04:30:39'),
(607, 2, 10.12, 84.5, 99, '2022-10-01 04:34:36'),
(608, 3, 19.1, 55, NULL, '2022-10-01 04:38:46'),
(609, 1, 20.12, 52, 100, '2022-10-01 04:38:55'),
(610, 2, 15.75, 77, 99, '2022-10-01 04:39:39'),
(611, 2, 15.75, 77, 99, '2022-10-01 04:39:58'),
(612, 2, 15.75, 77, 99, '2022-10-01 04:40:42'),
(613, 2, 15.75, 77, 99, '2022-10-01 04:41:39'),
(614, 2, 15.75, 77, 99, '2022-10-01 04:42:11'),
(615, 1, 20.62, 52, 100, '2022-10-01 04:44:08'),
(616, 1, 20.62, 52, 100, '2022-10-01 04:44:20'),
(617, 2, 19.5, 68, 99, '2022-10-01 04:47:55'),
(618, 3, 19.2, 56, NULL, '2022-10-01 04:49:17'),
(619, 1, 21.12, 52.5, 100, '2022-10-01 04:49:20'),
(620, 2, 20.25, 65, 99, '2022-10-01 05:08:18'),
(621, 2, 20.25, 65, 99, '2022-10-01 05:08:32'),
(622, 2, 20.5, 64.5, 89, '2022-10-01 05:13:20'),
(623, 3, 20.6, 55, NULL, '2022-10-01 05:13:30'),
(624, 3, 20.8, 55, NULL, '2022-10-01 05:28:44'),
(625, 3, 20.9, 55, NULL, '2022-10-01 05:33:44'),
(626, 3, 20.9, 55, NULL, '2022-10-01 05:38:44'),
(627, 3, 21, 54, NULL, '2022-10-01 05:43:44'),
(628, 3, 21, 54, NULL, '2022-10-01 05:48:44'),
(629, 3, 21, 55, NULL, '2022-10-01 05:53:44'),
(630, 3, 21, 55, NULL, '2022-10-01 05:58:44'),
(631, 3, 21, 55, NULL, '2022-10-01 06:20:21'),
(632, 3, 21, 55, NULL, '2022-10-01 06:25:21'),
(633, 3, 21, 55, NULL, '2022-10-01 06:30:21'),
(634, 3, 21, 55, NULL, '2022-10-01 06:35:21'),
(635, 3, 21, 55, NULL, '2022-10-01 06:40:21'),
(636, 3, 21, 55, NULL, '2022-10-01 06:45:21'),
(637, 3, 21, 55, NULL, '2022-10-01 06:50:21'),
(638, 3, 21, 55, NULL, '2022-10-01 06:55:21'),
(639, 1, 21.62, 55, 96, '2022-10-01 06:58:37'),
(640, 3, 21, 55, NULL, '2022-10-01 07:00:21'),
(641, 3, 20.9, 55, NULL, '2022-10-01 07:05:21'),
(642, 3, 20.9, 55, NULL, '2022-10-01 07:10:21'),
(643, 3, 20.9, 55, NULL, '2022-10-01 07:15:21'),
(644, 3, 20.9, 55, NULL, '2022-10-01 07:20:21'),
(645, 3, 20.9, 55, NULL, '2022-10-01 07:25:21'),
(646, 3, 20.9, 55, NULL, '2022-10-01 07:30:21'),
(647, 3, 20.9, 56, NULL, '2022-10-01 07:35:21'),
(648, 3, 20.9, 56, NULL, '2022-10-01 07:40:21'),
(649, 3, 20.8, 56, NULL, '2022-10-01 07:45:22'),
(650, 3, 20.8, 56, NULL, '2022-10-01 07:50:21'),
(651, 3, 20.8, 56, NULL, '2022-10-01 07:55:22'),
(652, 3, 20.8, 56, NULL, '2022-10-01 08:00:23'),
(653, 3, 20.8, 56, NULL, '2022-10-01 08:05:21'),
(654, 3, 20.8, 56, NULL, '2022-10-01 08:10:21'),
(655, 3, 20.8, 56, NULL, '2022-10-01 08:15:21'),
(656, 3, 20.8, 56, NULL, '2022-10-01 08:20:21'),
(657, 3, 20.8, 56, NULL, '2022-10-01 08:25:21'),
(658, 3, 20.8, 56, NULL, '2022-10-01 08:30:21'),
(659, 3, 20.8, 56, NULL, '2022-10-01 08:35:21'),
(660, 3, 20.8, 56, NULL, '2022-10-01 08:40:21'),
(661, 3, 20.8, 56, NULL, '2022-10-01 08:45:21'),
(662, 3, 20.8, 56, NULL, '2022-10-01 08:50:21'),
(663, 3, 20.8, 56, NULL, '2022-10-01 08:55:21'),
(664, 3, 20.8, 56, NULL, '2022-10-01 09:00:21'),
(665, 3, 20.8, 56, NULL, '2022-10-01 09:05:21'),
(666, 3, 20.8, 56, NULL, '2022-10-01 09:10:21'),
(667, 3, 20.8, 56, NULL, '2022-10-01 09:15:21'),
(668, 3, 20.8, 56, NULL, '2022-10-01 09:20:21'),
(669, 3, 20.8, 56, NULL, '2022-10-01 09:25:21'),
(670, 3, 20.8, 56, NULL, '2022-10-01 09:30:21'),
(671, 3, 20.8, 56, NULL, '2022-10-01 09:35:21'),
(672, 3, 20.8, 56, NULL, '2022-10-01 09:40:21'),
(673, 3, 20.8, 56, NULL, '2022-10-01 09:45:21'),
(674, 3, 20.8, 56, NULL, '2022-10-01 09:50:21'),
(675, 3, 20.8, 56, NULL, '2022-10-01 09:55:21'),
(676, 3, 20.8, 56, NULL, '2022-10-01 10:00:23'),
(677, 3, 20.8, 56, NULL, '2022-10-01 10:05:21'),
(678, 3, 20.8, 56, NULL, '2022-10-01 10:10:21'),
(679, 3, 20.8, 56, NULL, '2022-10-01 10:15:21'),
(680, 3, 20.8, 56, NULL, '2022-10-01 10:20:21'),
(681, 3, 20.8, 56, NULL, '2022-10-01 10:25:21'),
(682, 3, 20.8, 56, NULL, '2022-10-01 10:30:21'),
(683, 3, 20.8, 56, NULL, '2022-10-01 10:35:21'),
(684, 3, 20.8, 56, NULL, '2022-10-01 10:40:21'),
(685, 2, 20.62, 62, 100, '2022-10-01 10:40:59'),
(686, 3, 20.8, 56, NULL, '2022-10-01 10:45:21'),
(687, 3, 20.8, 56, NULL, '2022-10-01 10:50:21'),
(688, 3, 20.8, 56, NULL, '2022-10-01 10:55:21'),
(689, 3, 20.8, 56, NULL, '2022-10-01 11:00:21'),
(690, 3, 20.8, 56, NULL, '2022-10-01 11:05:21'),
(691, 3, 20.8, 56, NULL, '2022-10-01 11:10:21'),
(692, 3, 20.8, 56, NULL, '2022-10-01 11:15:27'),
(693, 3, 20.8, 56, NULL, '2022-10-01 11:20:21'),
(694, 3, 20.8, 56, NULL, '2022-10-01 11:25:21'),
(695, 3, 20.8, 55, NULL, '2022-10-01 11:30:21'),
(696, 3, 20.8, 55, NULL, '2022-10-01 11:35:21'),
(697, 3, 20.8, 55, NULL, '2022-10-01 11:40:21'),
(698, 3, 20.8, 55, NULL, '2022-10-01 11:45:21'),
(699, 3, 20.9, 55, NULL, '2022-10-01 11:50:21'),
(700, 3, 20.9, 55, NULL, '2022-10-01 11:55:21'),
(701, 3, 20.9, 55, NULL, '2022-10-01 12:00:21'),
(702, 3, 20.9, 55, NULL, '2022-10-01 12:05:21'),
(703, 3, 20.9, 55, NULL, '2022-10-01 12:10:21'),
(704, 3, 20.9, 55, NULL, '2022-10-01 12:15:21'),
(705, 3, 20.9, 55, NULL, '2022-10-01 12:20:21'),
(706, 3, 20.9, 55, NULL, '2022-10-01 12:25:21'),
(707, 3, 20.9, 55, NULL, '2022-10-01 12:30:21'),
(708, 3, 20.9, 55, NULL, '2022-10-01 12:35:21'),
(709, 3, 20.9, 55, NULL, '2022-10-01 12:40:21'),
(710, 3, 20.9, 55, NULL, '2022-10-01 12:45:21'),
(711, 3, 20.9, 55, NULL, '2022-10-01 12:50:21'),
(712, 3, 20.9, 55, NULL, '2022-10-01 12:55:21'),
(713, 3, 20.9, 55, NULL, '2022-10-01 13:00:21'),
(714, 3, 20.9, 55, NULL, '2022-10-01 13:05:21'),
(715, 3, 20.9, 55, NULL, '2022-10-01 13:10:21'),
(716, 3, 20.9, 55, NULL, '2022-10-01 13:15:21'),
(717, 3, 20.9, 55, NULL, '2022-10-01 13:20:21'),
(718, 3, 20.9, 55, NULL, '2022-10-01 13:25:21'),
(719, 3, 20.9, 55, NULL, '2022-10-01 13:30:21'),
(720, 3, 20.9, 55, NULL, '2022-10-01 13:35:21'),
(721, 3, 20.9, 55, NULL, '2022-10-01 13:40:21'),
(722, 3, 20.9, 55, NULL, '2022-10-01 13:45:21'),
(723, 3, 20.9, 55, NULL, '2022-10-01 13:50:21'),
(724, 3, 20.9, 55, NULL, '2022-10-01 13:55:21'),
(725, 3, 20.9, 55, NULL, '2022-10-01 14:00:21'),
(726, 3, 20.9, 55, NULL, '2022-10-01 14:05:21'),
(727, 3, 20.9, 55, NULL, '2022-10-01 14:10:21'),
(728, 3, 20.9, 55, NULL, '2022-10-01 14:15:21'),
(729, 3, 20.9, 55, NULL, '2022-10-01 14:20:21'),
(730, 3, 20.9, 55, NULL, '2022-10-01 14:25:21'),
(731, 3, 20.9, 55, NULL, '2022-10-01 14:30:21'),
(732, 3, 20.9, 55, NULL, '2022-10-01 14:35:21'),
(733, 3, 20.9, 55, NULL, '2022-10-01 14:40:21'),
(734, 3, 20.9, 55, NULL, '2022-10-01 14:45:21'),
(735, 3, 20.9, 55, NULL, '2022-10-01 14:50:21'),
(736, 3, 20.9, 55, NULL, '2022-10-01 14:55:21'),
(737, 3, 20.9, 55, NULL, '2022-10-01 15:00:21'),
(738, 3, 20.9, 55, NULL, '2022-10-01 15:05:22'),
(739, 3, 20.9, 55, NULL, '2022-10-01 15:10:21'),
(740, 3, 20.9, 55, NULL, '2022-10-01 15:15:23'),
(741, 3, 20.9, 55, NULL, '2022-10-01 15:20:21'),
(742, 3, 20.9, 55, NULL, '2022-10-01 15:25:21'),
(743, 3, 20.8, 55, NULL, '2022-10-01 15:30:21'),
(744, 3, 20.8, 55, NULL, '2022-10-01 15:35:21'),
(745, 3, 20.8, 55, NULL, '2022-10-01 15:40:21'),
(746, 3, 20.8, 55, NULL, '2022-10-01 15:45:21'),
(747, 3, 20.9, 55, NULL, '2022-10-01 15:50:21'),
(748, 3, 20.9, 55, NULL, '2022-10-01 15:55:21'),
(749, 3, 20.9, 55, NULL, '2022-10-01 16:00:22'),
(750, 3, 20.9, 55, NULL, '2022-10-01 16:05:21'),
(751, 3, 20.9, 55, NULL, '2022-10-01 16:10:22'),
(752, 3, 20.9, 55, NULL, '2022-10-01 16:15:22'),
(753, 3, 20.9, 55, NULL, '2022-10-01 16:20:21'),
(754, 3, 20.9, 55, NULL, '2022-10-01 16:25:21'),
(755, 3, 20.9, 55, NULL, '2022-10-01 16:30:21'),
(756, 3, 20.9, 55, NULL, '2022-10-01 16:35:21'),
(757, 3, 20.9, 54, NULL, '2022-10-01 16:40:21'),
(758, 3, 20.9, 54, NULL, '2022-10-01 16:45:21'),
(759, 3, 20.9, 54, NULL, '2022-10-01 16:50:21'),
(760, 3, 20.9, 54, NULL, '2022-10-01 16:55:21'),
(761, 3, 20.9, 54, NULL, '2022-10-01 17:00:21'),
(762, 3, 20.9, 54, NULL, '2022-10-01 17:05:21'),
(763, 3, 20.9, 54, NULL, '2022-10-01 17:10:21'),
(764, 3, 20.9, 54, NULL, '2022-10-01 17:15:21'),
(765, 3, 20.9, 54, NULL, '2022-10-01 17:20:21'),
(766, 3, 20.9, 54, NULL, '2022-10-01 17:25:21'),
(767, 3, 20.9, 54, NULL, '2022-10-01 17:30:21'),
(768, 3, 20.9, 54, NULL, '2022-10-01 17:35:21'),
(769, 3, 20.9, 54, NULL, '2022-10-01 17:40:21'),
(770, 3, 20.9, 54, NULL, '2022-10-01 17:45:21'),
(771, 3, 20.9, 54, NULL, '2022-10-01 17:50:22'),
(772, 3, 20.9, 54, NULL, '2022-10-01 17:55:21'),
(773, 3, 20.9, 54, NULL, '2022-10-01 18:00:21'),
(774, 3, 20.9, 54, NULL, '2022-10-01 18:05:21'),
(775, 3, 20.9, 54, NULL, '2022-10-01 18:10:21'),
(776, 1, 21.88, 55.5, 98, '2022-10-01 18:13:41'),
(777, 3, 20.9, 54, NULL, '2022-10-01 18:15:22'),
(778, 3, 20.9, 54, NULL, '2022-10-01 18:20:21'),
(779, 3, 20.9, 54, NULL, '2022-10-01 18:25:21'),
(780, 3, 20.9, 54, NULL, '2022-10-01 18:30:21'),
(781, 3, 20.9, 54, NULL, '2022-10-01 18:35:21'),
(782, 3, 20.9, 54, NULL, '2022-10-01 18:40:22'),
(783, 3, 20.9, 54, NULL, '2022-10-01 18:45:21'),
(784, 3, 20.9, 54, NULL, '2022-10-01 18:50:21'),
(785, 3, 20.9, 54, NULL, '2022-10-01 18:55:22'),
(786, 3, 20.9, 54, NULL, '2022-10-01 19:00:21'),
(787, 3, 20.9, 54, NULL, '2022-10-01 19:05:21'),
(788, 3, 20.9, 54, NULL, '2022-10-01 19:10:21'),
(789, 3, 20.9, 54, NULL, '2022-10-01 19:15:21'),
(790, 3, 20.9, 54, NULL, '2022-10-01 19:20:21'),
(791, 3, 20.9, 54, NULL, '2022-10-01 19:25:21'),
(792, 3, 20.9, 54, NULL, '2022-10-01 19:30:21'),
(793, 3, 20.9, 54, NULL, '2022-10-01 19:35:21'),
(794, 3, 20.9, 54, NULL, '2022-10-01 19:40:21'),
(795, 3, 20.9, 54, NULL, '2022-10-01 19:45:21'),
(796, 3, 20.9, 54, NULL, '2022-10-01 19:50:21'),
(797, 3, 20.9, 54, NULL, '2022-10-01 19:55:21'),
(798, 3, 20.9, 54, NULL, '2022-10-01 20:00:21'),
(799, 3, 20.9, 54, NULL, '2022-10-01 20:05:21'),
(800, 3, 20.9, 54, NULL, '2022-10-01 20:10:21'),
(801, 3, 20.9, 54, NULL, '2022-10-01 20:15:21'),
(802, 3, 20.9, 54, NULL, '2022-10-01 20:20:21'),
(803, 3, 20.9, 54, NULL, '2022-10-01 20:25:21'),
(804, 3, 20.9, 54, NULL, '2022-10-01 20:30:21'),
(805, 3, 20.9, 54, NULL, '2022-10-01 20:35:21'),
(806, 3, 20.9, 54, NULL, '2022-10-01 20:40:21'),
(807, 1, 22.12, 56, 98, '2022-10-01 20:43:18'),
(808, 3, 20.9, 54, NULL, '2022-10-01 20:45:21'),
(809, 3, 20.9, 54, NULL, '2022-10-01 20:50:21'),
(810, 3, 20.9, 54, NULL, '2022-10-01 20:55:21'),
(811, 3, 20.9, 54, NULL, '2022-10-01 21:00:21'),
(812, 3, 20.9, 54, NULL, '2022-10-01 21:05:21'),
(813, 3, 20.9, 54, NULL, '2022-10-01 21:10:21'),
(814, 3, 20.9, 54, NULL, '2022-10-01 21:15:21'),
(815, 2, 20.88, 65, 100, '2022-10-01 21:18:23'),
(816, 3, 20.9, 54, NULL, '2022-10-01 21:20:21'),
(817, 3, 20.9, 54, NULL, '2022-10-01 21:25:21'),
(818, 3, 20.9, 54, NULL, '2022-10-01 21:30:21'),
(819, 3, 20.9, 54, NULL, '2022-10-01 21:35:21'),
(820, 3, 20.9, 54, NULL, '2022-10-01 21:40:21'),
(821, 3, 20.9, 54, NULL, '2022-10-01 21:45:21'),
(822, 3, 20.9, 54, NULL, '2022-10-01 21:50:21'),
(823, 3, 20.9, 54, NULL, '2022-10-01 21:55:21'),
(824, 3, 20.9, 54, NULL, '2022-10-01 22:00:21'),
(825, 3, 20.9, 54, NULL, '2022-10-01 22:05:21'),
(826, 3, 21.2, 54, NULL, '2022-10-01 22:32:19'),
(827, 1, 21.62, 56, 99, '2022-10-01 22:36:11'),
(828, 3, 21.2, 54, NULL, '2022-10-01 22:36:28'),
(829, 3, 21.3, 54, NULL, '2022-10-01 22:47:56'),
(830, 3, 21.4, 54, NULL, '2022-10-01 22:53:43'),
(831, 3, 21.4, 54, NULL, '2022-10-01 22:58:44'),
(832, 3, 21.3, 54, NULL, '2022-10-01 23:03:44'),
(833, 3, 21.3, 54, NULL, '2022-10-01 23:08:44'),
(834, 3, 21.2, 54, NULL, '2022-10-01 23:13:44'),
(835, 3, 21.2, 54, NULL, '2022-10-01 23:18:44'),
(836, 3, 21.2, 54, NULL, '2022-10-01 23:23:44'),
(837, 3, 21.2, 54, NULL, '2022-10-01 23:28:44'),
(838, 1, 22.12, 56, 97, '2022-10-01 23:29:06'),
(839, 3, 21.1, 54, NULL, '2022-10-01 23:33:44'),
(840, 3, 21.1, 54, NULL, '2022-10-01 23:38:44'),
(841, 3, 21.1, 54, NULL, '2022-10-01 23:43:44'),
(842, 3, 21.1, 54, NULL, '2022-10-01 23:48:44'),
(843, 3, 21.1, 54, NULL, '2022-10-01 23:53:44'),
(844, 3, 21.1, 54, NULL, '2022-10-01 23:58:44'),
(845, 3, 21.1, 54, NULL, '2022-10-02 00:03:44'),
(846, 3, 21.1, 54, NULL, '2022-10-02 00:08:45'),
(847, 3, 21.1, 54, NULL, '2022-10-02 00:13:44'),
(848, 3, 21.1, 54, NULL, '2022-10-02 00:18:44'),
(849, 3, 21, 54, NULL, '2022-10-02 00:23:44'),
(850, 3, 21, 54, NULL, '2022-10-02 00:28:44'),
(851, 3, 21.1, 54, NULL, '2022-10-02 00:33:44'),
(852, 3, 21.1, 54, NULL, '2022-10-02 00:38:44'),
(853, 3, 21.1, 54, NULL, '2022-10-02 00:43:44'),
(854, 3, 21.1, 54, NULL, '2022-10-02 00:48:44'),
(855, 3, 21, 54, NULL, '2022-10-02 00:53:44'),
(856, 3, 21, 54, NULL, '2022-10-02 00:58:44'),
(857, 3, 21, 54, NULL, '2022-10-02 01:03:45'),
(858, 3, 21, 54, NULL, '2022-10-02 01:08:44'),
(859, 3, 21, 54, NULL, '2022-10-02 01:13:44'),
(860, 3, 21, 54, NULL, '2022-10-02 01:18:44'),
(861, 3, 21, 54, NULL, '2022-10-02 01:23:44'),
(862, 3, 21, 54, NULL, '2022-10-02 01:28:44'),
(863, 3, 21, 54, NULL, '2022-10-02 01:33:44'),
(864, 3, 21, 54, NULL, '2022-10-02 01:38:44'),
(865, 3, 21, 54, NULL, '2022-10-02 01:43:44'),
(866, 3, 21, 54, NULL, '2022-10-02 01:48:44'),
(867, 3, 21, 54, NULL, '2022-10-02 01:53:44'),
(868, 3, 21, 54, NULL, '2022-10-02 01:58:44'),
(869, 3, 21, 54, NULL, '2022-10-02 02:03:44'),
(870, 3, 21, 54, NULL, '2022-10-02 02:08:44'),
(871, 3, 21, 54, NULL, '2022-10-02 02:13:44'),
(872, 3, 21, 54, NULL, '2022-10-02 02:18:44'),
(873, 3, 21, 54, NULL, '2022-10-02 02:23:44'),
(874, 3, 21, 54, NULL, '2022-10-02 02:28:44'),
(875, 3, 20.9, 54, NULL, '2022-10-02 02:33:44'),
(876, 3, 20.9, 54, NULL, '2022-10-02 02:38:44'),
(877, 3, 20.9, 54, NULL, '2022-10-02 02:43:44'),
(878, 3, 20.9, 54, NULL, '2022-10-02 02:48:44'),
(879, 3, 21, 54, NULL, '2022-10-02 02:53:44'),
(880, 3, 21, 54, NULL, '2022-10-02 02:58:44'),
(881, 3, 21, 54, NULL, '2022-10-02 03:03:44'),
(882, 3, 21, 54, NULL, '2022-10-02 03:08:44'),
(883, 3, 21, 54, NULL, '2022-10-02 03:13:44'),
(884, 3, 21, 54, NULL, '2022-10-02 03:18:44'),
(885, 3, 21, 54, NULL, '2022-10-02 03:23:44'),
(886, 3, 21, 54, NULL, '2022-10-02 03:28:44'),
(887, 3, 21, 54, NULL, '2022-10-02 03:33:44'),
(888, 3, 20.9, 54, NULL, '2022-10-02 03:38:44'),
(889, 3, 20.9, 54, NULL, '2022-10-02 03:43:44'),
(890, 3, 21, 54, NULL, '2022-10-02 03:48:44'),
(891, 3, 21, 54, NULL, '2022-10-02 03:53:44'),
(892, 3, 20.9, 54, NULL, '2022-10-02 03:58:44'),
(893, 3, 20.9, 54, NULL, '2022-10-02 04:03:44'),
(894, 3, 21, 54, NULL, '2022-10-02 04:08:44'),
(895, 3, 21, 54, NULL, '2022-10-02 04:13:44'),
(896, 3, 21, 54, NULL, '2022-10-02 04:18:44'),
(897, 3, 21, 54, NULL, '2022-10-02 04:23:44'),
(898, 3, 21, 54, NULL, '2022-10-02 04:28:44'),
(899, 3, 21, 54, NULL, '2022-10-02 04:33:44'),
(900, 3, 21, 54, NULL, '2022-10-02 04:38:44'),
(901, 3, 21, 54, NULL, '2022-10-02 04:43:44'),
(902, 3, 21, 54, NULL, '2022-10-02 04:48:44'),
(903, 3, 21, 54, NULL, '2022-10-02 04:53:44'),
(904, 3, 21, 54, NULL, '2022-10-02 04:58:44'),
(905, 3, 21, 54, NULL, '2022-10-02 05:03:44'),
(906, 3, 20.9, 54, NULL, '2022-10-02 05:08:44'),
(907, 3, 20.9, 54, NULL, '2022-10-02 05:13:44'),
(908, 3, 21, 54, NULL, '2022-10-02 05:18:44'),
(909, 3, 21, 54, NULL, '2022-10-02 05:23:44'),
(910, 3, 21, 54, NULL, '2022-10-02 05:28:44'),
(911, 3, 21, 54, NULL, '2022-10-02 05:33:44'),
(912, 3, 21, 54, NULL, '2022-10-02 05:38:44'),
(913, 3, 21, 54, NULL, '2022-10-02 05:43:44'),
(914, 3, 21, 54, NULL, '2022-10-02 05:48:45'),
(915, 3, 21, 54, NULL, '2022-10-02 05:53:44'),
(916, 3, 21, 54, NULL, '2022-10-02 05:58:44'),
(917, 3, 21, 54, NULL, '2022-10-02 06:03:44'),
(918, 3, 21, 54, NULL, '2022-10-02 06:08:44'),
(919, 3, 21, 54, NULL, '2022-10-02 06:13:44'),
(920, 3, 21, 54, NULL, '2022-10-02 06:18:44'),
(921, 3, 21, 54, NULL, '2022-10-02 06:23:44'),
(922, 3, 21, 54, NULL, '2022-10-02 06:28:44'),
(923, 3, 21, 54, NULL, '2022-10-02 06:33:44'),
(924, 3, 21, 53, NULL, '2022-10-02 06:38:44'),
(925, 3, 21, 53, NULL, '2022-10-02 06:43:44'),
(926, 3, 21, 53, NULL, '2022-10-02 06:48:44'),
(927, 3, 21, 53, NULL, '2022-10-02 06:53:44'),
(928, 3, 21, 53, NULL, '2022-10-02 06:58:44'),
(929, 3, 21, 53, NULL, '2022-10-02 07:03:44'),
(930, 3, 21, 53, NULL, '2022-10-02 07:08:44'),
(931, 3, 21, 53, NULL, '2022-10-02 07:13:44'),
(932, 3, 21, 53, NULL, '2022-10-02 07:18:44'),
(933, 3, 21, 53, NULL, '2022-10-02 07:23:44'),
(934, 3, 21, 53, NULL, '2022-10-02 07:28:44'),
(935, 3, 21, 53, NULL, '2022-10-02 07:33:44'),
(936, 3, 21, 53, NULL, '2022-10-02 07:38:44'),
(937, 3, 21, 53, NULL, '2022-10-02 07:43:44'),
(938, 3, 21, 53, NULL, '2022-10-02 07:48:44'),
(939, 3, 21, 53, NULL, '2022-10-02 07:53:44'),
(940, 3, 20.9, 53, NULL, '2022-10-02 07:58:44'),
(941, 3, 20.9, 53, NULL, '2022-10-02 08:03:44'),
(942, 3, 20.9, 53, NULL, '2022-10-02 08:08:44'),
(943, 2, 20.75, 64.5, 100, '2022-10-02 08:08:54'),
(944, 3, 20.9, 53, NULL, '2022-10-02 08:13:44'),
(945, 3, 21, 53, NULL, '2022-10-02 08:18:44'),
(946, 3, 21, 53, NULL, '2022-10-02 08:23:44'),
(947, 3, 21, 53, NULL, '2022-10-02 08:28:44'),
(948, 3, 21, 53, NULL, '2022-10-02 08:33:44'),
(949, 3, 21, 53, NULL, '2022-10-02 08:38:44'),
(950, 3, 21, 53, NULL, '2022-10-02 08:43:44'),
(951, 3, 21, 53, NULL, '2022-10-02 08:48:44'),
(952, 3, 21, 53, NULL, '2022-10-02 08:53:44'),
(953, 3, 21, 53, NULL, '2022-10-02 08:58:44'),
(954, 3, 21, 53, NULL, '2022-10-02 09:03:44'),
(955, 3, 21, 53, NULL, '2022-10-02 09:08:44'),
(956, 3, 21, 53, NULL, '2022-10-02 09:13:44'),
(957, 3, 21, 53, NULL, '2022-10-02 09:18:44'),
(958, 3, 21, 53, NULL, '2022-10-02 09:23:44'),
(959, 3, 20.9, 53, NULL, '2022-10-02 09:28:44'),
(960, 3, 20.9, 53, NULL, '2022-10-02 09:33:45'),
(961, 3, 20.9, 53, NULL, '2022-10-02 09:38:44'),
(962, 3, 20.9, 53, NULL, '2022-10-02 09:43:44'),
(963, 3, 21, 53, NULL, '2022-10-02 09:48:44'),
(964, 3, 21, 53, NULL, '2022-10-02 09:53:44'),
(965, 3, 21, 53, NULL, '2022-10-02 09:58:44'),
(966, 3, 21, 53, NULL, '2022-10-02 10:03:44'),
(967, 3, 21, 53, NULL, '2022-10-02 10:08:45'),
(968, 3, 21, 53, NULL, '2022-10-02 10:13:44'),
(969, 3, 21, 53, NULL, '2022-10-02 10:18:44'),
(970, 3, 21, 53, NULL, '2022-10-02 10:23:44'),
(971, 3, 21, 53, NULL, '2022-10-02 10:28:44'),
(972, 3, 21, 53, NULL, '2022-10-02 10:33:44'),
(973, 3, 21, 53, NULL, '2022-10-02 10:38:44'),
(974, 3, 21, 53, NULL, '2022-10-02 10:43:44'),
(975, 1, 22, 59, 100, '2022-10-02 10:44:03'),
(976, 3, 21, 53, NULL, '2022-10-02 10:48:44'),
(977, 3, 21, 53, NULL, '2022-10-02 10:53:44'),
(978, 3, 20.9, 53, NULL, '2022-10-02 10:58:44'),
(979, 3, 20.9, 53, NULL, '2022-10-02 11:03:44'),
(980, 3, 21, 53, NULL, '2022-10-02 11:08:44'),
(981, 3, 21, 53, NULL, '2022-10-02 11:13:44'),
(982, 3, 21, 53, NULL, '2022-10-02 11:18:44'),
(983, 3, 21, 53, NULL, '2022-10-02 11:23:44'),
(984, 3, 21.1, 53, NULL, '2022-10-02 11:28:44'),
(985, 3, 21.1, 53, NULL, '2022-10-02 11:33:44'),
(986, 3, 21.1, 53, NULL, '2022-10-02 11:38:44'),
(987, 3, 21.1, 53, NULL, '2022-10-02 11:43:44'),
(988, 3, 21.1, 53, NULL, '2022-10-02 11:48:44'),
(989, 3, 21.1, 53, NULL, '2022-10-02 11:53:44'),
(990, 3, 21, 53, NULL, '2022-10-02 11:58:44'),
(991, 3, 21, 53, NULL, '2022-10-02 12:03:44'),
(992, 3, 21.1, 53, NULL, '2022-10-02 12:08:44'),
(993, 3, 21.1, 53, NULL, '2022-10-02 12:13:44'),
(994, 3, 21, 53, NULL, '2022-10-02 12:18:44'),
(995, 3, 21, 53, NULL, '2022-10-02 12:23:44'),
(996, 3, 21, 53, NULL, '2022-10-02 12:28:44'),
(997, 3, 21, 53, NULL, '2022-10-02 12:33:44'),
(998, 3, 21.1, 53, NULL, '2022-10-02 12:38:44'),
(999, 3, 21.1, 53, NULL, '2022-10-02 12:43:44'),
(1000, 3, 21.1, 53, NULL, '2022-10-02 12:48:44'),
(1001, 3, 21.1, 53, NULL, '2022-10-02 12:53:44'),
(1002, 3, 21.1, 53, NULL, '2022-10-02 12:58:45'),
(1003, 3, 21.1, 53, NULL, '2022-10-02 13:03:44'),
(1004, 3, 21.1, 53, NULL, '2022-10-02 13:08:44'),
(1005, 3, 21.1, 53, NULL, '2022-10-02 13:13:44'),
(1006, 3, 21.1, 53, NULL, '2022-10-02 13:18:44'),
(1007, 3, 21.1, 53, NULL, '2022-10-02 13:23:44'),
(1008, 3, 21.1, 53, NULL, '2022-10-02 13:28:44'),
(1009, 3, 21.1, 53, NULL, '2022-10-02 13:33:44'),
(1010, 3, 21.1, 53, NULL, '2022-10-02 13:38:44'),
(1011, 3, 21.1, 53, NULL, '2022-10-02 13:43:44'),
(1012, 3, 21, 53, NULL, '2022-10-02 13:48:44'),
(1013, 3, 21, 53, NULL, '2022-10-02 13:53:44'),
(1014, 3, 21.1, 53, NULL, '2022-10-02 13:58:44'),
(1015, 3, 21.1, 53, NULL, '2022-10-02 14:03:44'),
(1016, 3, 21.1, 53, NULL, '2022-10-02 14:08:44'),
(1017, 3, 21.1, 53, NULL, '2022-10-02 14:13:44'),
(1018, 3, 21.1, 53, NULL, '2022-10-02 14:18:44'),
(1019, 3, 21.2, 53, NULL, '2022-10-02 14:23:44'),
(1020, 3, 21.2, 53, NULL, '2022-10-02 14:28:44'),
(1021, 3, 21.2, 53, NULL, '2022-10-02 14:33:44'),
(1022, 3, 21.2, 53, NULL, '2022-10-02 14:38:44'),
(1023, 3, 21.2, 53, NULL, '2022-10-02 14:43:44'),
(1024, 3, 21.2, 53, NULL, '2022-10-02 14:48:44'),
(1025, 3, 21.2, 53, NULL, '2022-10-02 14:53:44'),
(1026, 3, 21.2, 53, NULL, '2022-10-02 14:58:44'),
(1027, 3, 21.2, 53, NULL, '2022-10-02 15:03:44'),
(1028, 3, 21.2, 53, NULL, '2022-10-02 15:08:44'),
(1029, 3, 21.1, 53, NULL, '2022-10-02 15:13:44'),
(1030, 3, 21.1, 53, NULL, '2022-10-02 15:18:44'),
(1031, 3, 21.1, 53, NULL, '2022-10-02 15:23:44'),
(1032, 3, 21.1, 53, NULL, '2022-10-02 15:28:45'),
(1033, 3, 21.1, 53, NULL, '2022-10-02 15:33:44'),
(1034, 3, 21.1, 53, NULL, '2022-10-02 15:38:44'),
(1035, 3, 21.1, 53, NULL, '2022-10-02 15:43:45'),
(1036, 3, 21.1, 53, NULL, '2022-10-02 15:48:44'),
(1037, 3, 21.2, 53, NULL, '2022-10-02 15:53:44'),
(1038, 3, 21.2, 53, NULL, '2022-10-02 15:58:44'),
(1039, 3, 21.2, 53, NULL, '2022-10-02 16:03:44'),
(1040, 3, 21.2, 53, NULL, '2022-10-02 16:08:44'),
(1041, 3, 21.3, 54, NULL, '2022-10-02 16:20:35'),
(1042, 3, 21.3, 54, NULL, '2022-10-02 16:25:35'),
(1043, 3, 21.3, 54, NULL, '2022-10-02 16:30:36'),
(1044, 3, 21.4, 54, NULL, '2022-10-02 16:44:57'),
(1045, 3, 21.4, 54, NULL, '2022-10-02 16:54:11'),
(1046, 3, 21.4, 54, NULL, '2022-10-02 16:59:09'),
(1047, 3, 21.4, 54, NULL, '2022-10-02 17:04:09'),
(1048, 3, 21.5, 54, NULL, '2022-10-02 17:10:26'),
(1049, 3, 21.5, 54, NULL, '2022-10-02 17:19:27'),
(1050, 3, 21.6, 54, NULL, '2022-10-02 17:25:41'),
(1051, 2, 21.38, 66, 100, '2022-10-02 17:27:03'),
(1052, 1, 21.88, 56, 99, '2022-10-02 17:27:40'),
(1053, 3, 21.6, 54, NULL, '2022-10-02 17:30:42'),
(1054, 1, 22.75, 54.5, 95, '2022-10-02 17:35:07'),
(1055, 3, 21.6, 54, NULL, '2022-10-02 17:35:41'),
(1056, 3, 21.6, 54, NULL, '2022-10-02 17:40:41'),
(1057, 3, 21.6, 54, NULL, '2022-10-02 17:45:43'),
(1058, 1, 22.25, 55, 95, '2022-10-02 17:48:16'),
(1059, 3, 21.5, 54, NULL, '2022-10-02 17:50:42'),
(1060, 3, 21.4, 54, NULL, '2022-10-02 18:33:25'),
(1061, 3, 21.5, 54, NULL, '2022-10-02 19:07:10'),
(1062, 3, 21.5, 54, NULL, '2022-10-02 19:12:10'),
(1063, 3, 21.5, 54, NULL, '2022-10-02 19:17:10'),
(1064, 3, 21.4, 54, NULL, '2022-10-02 19:57:52'),
(1065, 1, 21.75, 56.5, 95, '2022-10-02 20:17:10'),
(1066, 3, 21.5, 55, NULL, '2022-10-02 20:21:11'),
(1067, 3, 21.5, 55, NULL, '2022-10-02 20:26:11'),
(1068, 3, 21.6, 54, NULL, '2022-10-02 20:48:37'),
(1069, 3, 21.6, 54, NULL, '2022-10-02 20:52:10'),
(1070, 3, 21.6, 54, NULL, '2022-10-02 21:02:11'),
(1071, 3, 21.5, 54, NULL, '2022-10-02 21:08:01'),
(1072, 3, 21.5, 54, NULL, '2022-10-02 21:13:02');
INSERT INTO `sensor_data` (`id`, `sensor_id`, `temp`, `humi`, `battery`, `updated`) VALUES
(1073, 3, 21.5, 54, NULL, '2022-10-02 21:18:02'),
(1074, 3, 21.5, 54, NULL, '2022-10-02 21:23:02'),
(1075, 3, 21.4, 54, NULL, '2022-10-02 21:28:02'),
(1076, 3, 21.4, 54, NULL, '2022-10-02 21:33:07'),
(1077, 3, 21.4, 54, NULL, '2022-10-02 21:38:02'),
(1078, 3, 21.4, 54, NULL, '2022-10-02 21:43:02'),
(1079, 3, 21.4, 54, NULL, '2022-10-02 21:48:02'),
(1080, 3, 21.4, 54, NULL, '2022-10-02 21:53:03'),
(1081, 3, 21.4, 54, NULL, '2022-10-02 21:58:02'),
(1082, 3, 21.4, 54, NULL, '2022-10-02 22:03:02'),
(1083, 3, 21.4, 54, NULL, '2022-10-02 22:08:02'),
(1084, 3, 21.4, 54, NULL, '2022-10-02 22:13:02'),
(1085, 3, 21.4, 54, NULL, '2022-10-02 22:18:02'),
(1086, 3, 21.4, 54, NULL, '2022-10-02 22:23:02'),
(1087, 3, 21.4, 54, NULL, '2022-10-02 22:28:02'),
(1088, 3, 21.4, 54, NULL, '2022-10-02 22:33:02'),
(1089, 3, 21.4, 54, NULL, '2022-10-02 22:38:02'),
(1090, 3, 21.4, 54, NULL, '2022-10-02 22:43:01'),
(1091, 3, 21.4, 54, NULL, '2022-10-02 22:48:02'),
(1092, 3, 21.4, 54, NULL, '2022-10-02 22:53:02'),
(1093, 3, 21.3, 54, NULL, '2022-10-02 22:58:02'),
(1094, 3, 21.3, 54, NULL, '2022-10-02 23:03:02'),
(1095, 3, 21.2, 54, NULL, '2022-10-02 23:08:03'),
(1096, 3, 21.2, 54, NULL, '2022-10-02 23:13:02'),
(1097, 3, 21.3, 54, NULL, '2022-10-02 23:18:02'),
(1098, 3, 21.3, 54, NULL, '2022-10-02 23:23:02'),
(1099, 3, 21.3, 54, NULL, '2022-10-02 23:28:02'),
(1100, 3, 21.3, 54, NULL, '2022-10-02 23:33:02'),
(1101, 3, 21.3, 54, NULL, '2022-10-02 23:38:02'),
(1102, 3, 21.3, 54, NULL, '2022-10-02 23:43:02'),
(1103, 3, 21.3, 54, NULL, '2022-10-02 23:48:02'),
(1104, 3, 21.3, 54, NULL, '2022-10-02 23:53:02'),
(1105, 3, 21.3, 54, NULL, '2022-10-02 23:58:02'),
(1106, 3, 21.3, 54, NULL, '2022-10-03 00:03:02'),
(1107, 3, 21.3, 54, NULL, '2022-10-03 00:08:02'),
(1108, 3, 21.3, 54, NULL, '2022-10-03 00:13:02'),
(1109, 3, 21.3, 54, NULL, '2022-10-03 00:18:02'),
(1110, 3, 21.2, 54, NULL, '2022-10-03 00:23:02'),
(1111, 3, 21.2, 54, NULL, '2022-10-03 00:28:02'),
(1112, 3, 21.2, 54, NULL, '2022-10-03 00:33:02'),
(1113, 1, 22.25, 56.5, 97, '2022-10-03 00:35:54'),
(1114, 3, 21.2, 54, NULL, '2022-10-03 00:38:02'),
(1115, 3, 21.2, 54, NULL, '2022-10-03 00:43:02'),
(1116, 3, 21.2, 54, NULL, '2022-10-03 00:48:02'),
(1117, 3, 21.2, 54, NULL, '2022-10-03 00:53:02'),
(1118, 3, 21.2, 54, NULL, '2022-10-03 00:58:02'),
(1119, 3, 21.2, 54, NULL, '2022-10-03 01:03:02'),
(1120, 3, 21.2, 54, NULL, '2022-10-03 01:08:02'),
(1121, 3, 21.2, 54, NULL, '2022-10-03 01:13:02'),
(1122, 3, 21.2, 54, NULL, '2022-10-03 01:18:02'),
(1123, 3, 21.3, 54, NULL, '2022-10-03 01:23:02'),
(1124, 3, 21.3, 54, NULL, '2022-10-03 01:28:02'),
(1125, 3, 21.2, 54, NULL, '2022-10-03 01:33:02'),
(1126, 3, 21.2, 54, NULL, '2022-10-03 01:38:02'),
(1127, 3, 21.2, 54, NULL, '2022-10-03 01:43:02'),
(1128, 3, 21.2, 54, NULL, '2022-10-03 01:48:02'),
(1129, 3, 21.2, 54, NULL, '2022-10-03 01:53:02'),
(1130, 3, 21.2, 54, NULL, '2022-10-03 01:58:02'),
(1131, 3, 21.2, 54, NULL, '2022-10-03 02:03:02'),
(1132, 3, 21.2, 54, NULL, '2022-10-03 02:08:02'),
(1133, 3, 21.2, 54, NULL, '2022-10-03 02:13:02'),
(1134, 3, 21.2, 54, NULL, '2022-10-03 02:18:02'),
(1135, 3, 21.1, 54, NULL, '2022-10-03 02:23:03'),
(1136, 3, 21.1, 54, NULL, '2022-10-03 02:28:02'),
(1137, 3, 21.2, 54, NULL, '2022-10-03 02:33:02'),
(1138, 3, 21.2, 54, NULL, '2022-10-03 02:38:03'),
(1139, 3, 21.2, 54, NULL, '2022-10-03 02:43:02'),
(1140, 3, 21.2, 54, NULL, '2022-10-03 02:48:02'),
(1141, 3, 21.1, 54, NULL, '2022-10-03 02:53:02'),
(1142, 3, 21.1, 54, NULL, '2022-10-03 02:58:02'),
(1143, 3, 21.2, 54, NULL, '2022-10-03 03:03:02'),
(1144, 3, 21.2, 54, NULL, '2022-10-03 03:08:02'),
(1145, 3, 21.2, 54, NULL, '2022-10-03 03:13:02'),
(1146, 3, 21.2, 54, NULL, '2022-10-03 03:18:02'),
(1147, 3, 21.2, 54, NULL, '2022-10-03 03:23:02'),
(1148, 3, 21.2, 54, NULL, '2022-10-03 03:28:02'),
(1149, 3, 21.1, 53, NULL, '2022-10-03 03:33:02'),
(1150, 3, 21.1, 53, NULL, '2022-10-03 03:38:02'),
(1151, 3, 21.1, 53, NULL, '2022-10-03 03:43:02'),
(1152, 3, 21.1, 53, NULL, '2022-10-03 03:48:02'),
(1153, 3, 21.1, 53, NULL, '2022-10-03 03:53:02'),
(1154, 3, 21.1, 53, NULL, '2022-10-03 03:58:02'),
(1155, 3, 21.2, 53, NULL, '2022-10-03 04:03:02'),
(1156, 3, 21.2, 53, NULL, '2022-10-03 04:08:02'),
(1157, 3, 21.2, 53, NULL, '2022-10-03 04:13:02'),
(1158, 3, 21.2, 53, NULL, '2022-10-03 04:18:02'),
(1159, 2, 21, 64.5, 100, '2022-10-03 04:19:23'),
(1160, 3, 21.2, 53, NULL, '2022-10-03 04:23:02'),
(1161, 3, 21.2, 53, NULL, '2022-10-03 04:28:02'),
(1162, 3, 21.2, 53, NULL, '2022-10-03 04:33:02'),
(1163, 3, 21.2, 53, NULL, '2022-10-03 04:38:02'),
(1164, 3, 21.1, 53, NULL, '2022-10-03 04:43:02'),
(1165, 3, 21.1, 53, NULL, '2022-10-03 04:48:02'),
(1166, 3, 21.2, 53, NULL, '2022-10-03 04:53:02'),
(1167, 3, 21.2, 53, NULL, '2022-10-03 04:58:02'),
(1168, 3, 21.1, 53, NULL, '2022-10-03 05:03:02'),
(1169, 3, 21.1, 53, NULL, '2022-10-03 05:08:02'),
(1170, 3, 21.1, 53, NULL, '2022-10-03 05:13:02'),
(1171, 3, 21.1, 53, NULL, '2022-10-03 05:18:02'),
(1172, 3, 21.1, 53, NULL, '2022-10-03 05:23:02'),
(1173, 3, 21.1, 53, NULL, '2022-10-03 05:28:02'),
(1174, 3, 21.1, 53, NULL, '2022-10-03 05:33:02'),
(1175, 3, 21.1, 53, NULL, '2022-10-03 05:38:02'),
(1176, 3, 21.1, 53, NULL, '2022-10-03 05:43:02'),
(1177, 3, 21.1, 53, NULL, '2022-10-03 05:48:02'),
(1178, 3, 21.2, 53, NULL, '2022-10-03 05:53:02'),
(1179, 3, 21.2, 53, NULL, '2022-10-03 05:58:02'),
(1180, 3, 21.1, 53, NULL, '2022-10-03 06:03:03'),
(1181, 3, 21.1, 53, NULL, '2022-10-03 06:08:02'),
(1182, 3, 21.1, 53, NULL, '2022-10-03 06:13:02'),
(1183, 3, 21.1, 53, NULL, '2022-10-03 06:18:02'),
(1184, 3, 21.1, 53, NULL, '2022-10-03 06:23:02'),
(1185, 3, 21.1, 53, NULL, '2022-10-03 06:28:02'),
(1186, 3, 21.1, 53, NULL, '2022-10-03 06:33:02'),
(1187, 3, 21.1, 53, NULL, '2022-10-03 06:38:02'),
(1188, 3, 21.1, 53, NULL, '2022-10-03 06:43:02'),
(1189, 3, 21.1, 53, NULL, '2022-10-03 06:48:02'),
(1190, 3, 21.1, 53, NULL, '2022-10-03 06:53:02'),
(1191, 3, 21.1, 53, NULL, '2022-10-03 06:58:02'),
(1192, 3, 21.1, 53, NULL, '2022-10-03 07:03:02'),
(1193, 3, 21.1, 53, NULL, '2022-10-03 07:08:02'),
(1194, 3, 21.1, 53, NULL, '2022-10-03 07:13:02'),
(1195, 3, 21.1, 53, NULL, '2022-10-03 07:18:02'),
(1196, 3, 21.1, 53, NULL, '2022-10-03 07:23:02'),
(1197, 3, 21.1, 53, NULL, '2022-10-03 07:28:02'),
(1198, 3, 21.1, 53, NULL, '2022-10-03 07:33:02'),
(1199, 3, 21.1, 53, NULL, '2022-10-03 07:38:02'),
(1200, 3, 21.1, 53, NULL, '2022-10-03 07:43:02'),
(1201, 3, 21.1, 53, NULL, '2022-10-03 07:48:02'),
(1202, 3, 21.1, 53, NULL, '2022-10-03 07:53:02'),
(1203, 3, 21.1, 53, NULL, '2022-10-03 07:58:02'),
(1204, 3, 21.1, 53, NULL, '2022-10-03 08:03:02'),
(1205, 3, 21.1, 53, NULL, '2022-10-03 08:08:02'),
(1206, 1, 21.75, 57.5, 97, '2022-10-03 08:10:21'),
(1207, 3, 21.1, 53, NULL, '2022-10-03 08:13:02'),
(1208, 3, 21.1, 53, NULL, '2022-10-03 08:18:02'),
(1209, 3, 21.1, 53, NULL, '2022-10-03 08:23:02'),
(1210, 3, 21.1, 53, NULL, '2022-10-03 08:28:02'),
(1211, 3, 21.1, 53, NULL, '2022-10-03 08:33:02'),
(1212, 3, 21.1, 53, NULL, '2022-10-03 08:38:02'),
(1213, 3, 21.1, 53, NULL, '2022-10-03 08:43:02'),
(1214, 3, 21.1, 53, NULL, '2022-10-03 08:48:03'),
(1215, 3, 21.1, 53, NULL, '2022-10-03 08:53:02'),
(1216, 3, 21.1, 53, NULL, '2022-10-03 08:58:02'),
(1217, 3, 21, 53, NULL, '2022-10-03 09:03:02'),
(1218, 3, 21, 53, NULL, '2022-10-03 09:08:02'),
(1219, 3, 21.1, 53, NULL, '2022-10-03 09:13:05'),
(1220, 3, 21.1, 53, NULL, '2022-10-03 09:18:02'),
(1221, 3, 21.1, 53, NULL, '2022-10-03 09:23:02'),
(1222, 3, 21.1, 53, NULL, '2022-10-03 09:28:02'),
(1223, 3, 21.1, 53, NULL, '2022-10-03 09:33:02'),
(1224, 3, 21.1, 53, NULL, '2022-10-03 09:38:02'),
(1225, 3, 21.1, 53, NULL, '2022-10-03 09:43:02'),
(1226, 3, 21.1, 53, NULL, '2022-10-03 09:48:02'),
(1227, 3, 21.1, 53, NULL, '2022-10-03 09:53:02'),
(1228, 3, 21.1, 53, NULL, '2022-10-03 09:58:02'),
(1229, 3, 21.1, 53, NULL, '2022-10-03 10:03:02'),
(1230, 3, 21.1, 53, NULL, '2022-10-03 10:08:02'),
(1231, 3, 21.1, 53, NULL, '2022-10-03 10:13:02'),
(1232, 3, 21.1, 53, NULL, '2022-10-03 10:18:02'),
(1233, 3, 21, 53, NULL, '2022-10-03 10:23:02'),
(1234, 3, 21, 53, NULL, '2022-10-03 10:28:02'),
(1235, 3, 21, 53, NULL, '2022-10-03 10:33:02'),
(1236, 3, 21, 53, NULL, '2022-10-03 10:38:02'),
(1237, 3, 21, 53, NULL, '2022-10-03 10:43:02'),
(1238, 3, 21.1, 53, NULL, '2022-10-03 10:48:02'),
(1239, 3, 21.1, 53, NULL, '2022-10-03 10:53:02'),
(1240, 3, 21.1, 53, NULL, '2022-10-03 10:58:02'),
(1241, 3, 21.1, 53, NULL, '2022-10-03 11:03:02'),
(1242, 3, 21, 53, NULL, '2022-10-03 11:08:02'),
(1243, 3, 21, 53, NULL, '2022-10-03 11:13:02'),
(1244, 3, 21.1, 52, NULL, '2022-10-03 11:18:02'),
(1245, 3, 21.1, 52, NULL, '2022-10-03 11:23:02'),
(1246, 3, 21.1, 52, NULL, '2022-10-03 11:28:02'),
(1247, 3, 21.1, 52, NULL, '2022-10-03 11:33:02'),
(1248, 3, 21.1, 52, NULL, '2022-10-03 11:38:02'),
(1249, 3, 21.1, 52, NULL, '2022-10-03 11:43:02'),
(1250, 3, 21.1, 52, NULL, '2022-10-03 11:48:02'),
(1251, 3, 21.1, 52, NULL, '2022-10-03 11:53:02'),
(1252, 3, 21.1, 52, NULL, '2022-10-03 11:58:02'),
(1253, 3, 21.1, 52, NULL, '2022-10-03 12:03:02'),
(1254, 3, 21.1, 52, NULL, '2022-10-03 12:08:02'),
(1255, 3, 21.1, 52, NULL, '2022-10-03 12:13:02'),
(1256, 3, 21.1, 52, NULL, '2022-10-03 12:18:02'),
(1257, 3, 21.1, 52, NULL, '2022-10-03 12:23:02'),
(1258, 3, 21.1, 52, NULL, '2022-10-03 12:28:02'),
(1259, 3, 21.1, 52, NULL, '2022-10-03 12:33:02'),
(1260, 3, 21.1, 52, NULL, '2022-10-03 12:38:02'),
(1261, 3, 21.1, 52, NULL, '2022-10-03 12:43:02'),
(1262, 3, 21.1, 52, NULL, '2022-10-03 12:48:02'),
(1263, 3, 21.1, 52, NULL, '2022-10-03 12:53:02'),
(1264, 3, 21.1, 52, NULL, '2022-10-03 12:58:02'),
(1265, 3, 21.1, 52, NULL, '2022-10-03 13:03:02'),
(1266, 3, 21.1, 52, NULL, '2022-10-03 13:08:02'),
(1267, 3, 21.1, 52, NULL, '2022-10-03 13:13:02'),
(1268, 3, 21, 52, NULL, '2022-10-03 13:18:02'),
(1269, 3, 21, 52, NULL, '2022-10-03 13:23:02'),
(1270, 3, 21, 52, NULL, '2022-10-03 13:28:02'),
(1271, 3, 21, 52, NULL, '2022-10-03 13:33:02'),
(1272, 3, 21.1, 52, NULL, '2022-10-03 13:38:02'),
(1273, 3, 21.1, 52, NULL, '2022-10-03 13:43:02'),
(1274, 3, 21.1, 52, NULL, '2022-10-03 13:48:02'),
(1275, 3, 21.1, 52, NULL, '2022-10-03 13:53:02'),
(1276, 3, 21.1, 52, NULL, '2022-10-03 13:58:02'),
(1277, 3, 21.1, 52, NULL, '2022-10-03 14:03:02'),
(1278, 3, 21.1, 52, NULL, '2022-10-03 14:08:02'),
(1279, 3, 21.1, 52, NULL, '2022-10-03 14:13:02'),
(1280, 3, 21.1, 52, NULL, '2022-10-03 14:18:02'),
(1281, 3, 21.1, 52, NULL, '2022-10-03 14:23:02'),
(1282, 3, 21.1, 52, NULL, '2022-10-03 14:28:02'),
(1283, 3, 21.1, 52, NULL, '2022-10-03 14:33:02'),
(1284, 3, 21.1, 52, NULL, '2022-10-03 14:38:02'),
(1285, 3, 21.1, 52, NULL, '2022-10-03 14:43:02'),
(1286, 3, 21.1, 52, NULL, '2022-10-03 14:48:02'),
(1287, 3, 21.1, 52, NULL, '2022-10-03 14:53:02'),
(1288, 3, 21.2, 52, NULL, '2022-10-03 14:58:02'),
(1289, 3, 21.2, 52, NULL, '2022-10-03 15:03:02'),
(1290, 3, 21.2, 52, NULL, '2022-10-03 15:08:02'),
(1291, 2, 21.5, 64.5, 100, '2022-10-03 15:09:40'),
(1292, 3, 21.2, 52, NULL, '2022-10-03 15:13:02'),
(1293, 3, 21.3, 52, NULL, '2022-10-03 15:18:02'),
(1294, 3, 21.3, 52, NULL, '2022-10-03 15:23:02'),
(1295, 3, 21.4, 52, NULL, '2022-10-03 15:28:02'),
(1296, 3, 21.4, 52, NULL, '2022-10-03 15:33:02'),
(1297, 3, 21.3, 52, NULL, '2022-10-03 15:38:02'),
(1298, 3, 21.3, 52, NULL, '2022-10-03 15:43:02'),
(1299, 3, 21.2, 52, NULL, '2022-10-03 15:48:02'),
(1300, 3, 21.2, 52, NULL, '2022-10-03 15:53:02'),
(1301, 3, 21.1, 52, NULL, '2022-10-03 15:58:02'),
(1302, 3, 21.1, 52, NULL, '2022-10-03 16:03:02'),
(1303, 3, 21.1, 52, NULL, '2022-10-03 16:08:02'),
(1304, 3, 21.1, 52, NULL, '2022-10-03 16:13:02'),
(1305, 3, 21.1, 52, NULL, '2022-10-03 16:18:02'),
(1306, 3, 21.1, 52, NULL, '2022-10-03 16:23:02'),
(1307, 3, 21.2, 52, NULL, '2022-10-03 16:28:02'),
(1308, 3, 21.2, 52, NULL, '2022-10-03 16:33:02'),
(1309, 3, 21.2, 52, NULL, '2022-10-03 16:38:02'),
(1310, 3, 21.2, 52, NULL, '2022-10-03 16:43:03'),
(1311, 3, 21.1, 52, NULL, '2022-10-03 16:48:02'),
(1312, 3, 21.1, 52, NULL, '2022-10-03 16:53:02'),
(1313, 3, 21.1, 52, NULL, '2022-10-03 16:58:02'),
(1314, 3, 21.1, 52, NULL, '2022-10-03 17:03:02'),
(1315, 3, 21.1, 52, NULL, '2022-10-03 17:08:02'),
(1316, 3, 21.1, 52, NULL, '2022-10-03 17:13:02'),
(1317, 3, 21.1, 52, NULL, '2022-10-03 17:18:03'),
(1318, 3, 21.1, 52, NULL, '2022-10-03 17:23:02'),
(1319, 3, 21, 52, NULL, '2022-10-03 17:28:02'),
(1320, 3, 21, 52, NULL, '2022-10-03 17:33:02'),
(1321, 3, 21.1, 52, NULL, '2022-10-03 17:38:02'),
(1322, 3, 21.1, 52, NULL, '2022-10-03 17:43:02'),
(1323, 3, 21.1, 52, NULL, '2022-10-03 17:48:02'),
(1324, 3, 21.1, 52, NULL, '2022-10-03 17:53:02'),
(1325, 3, 21.1, 52, NULL, '2022-10-03 17:58:02'),
(1326, 3, 21.1, 52, NULL, '2022-10-03 18:03:02'),
(1327, 3, 21.1, 52, NULL, '2022-10-03 18:08:02'),
(1328, 3, 21.1, 52, NULL, '2022-10-03 18:13:02'),
(1329, 3, 21.1, 52, NULL, '2022-10-03 18:18:02'),
(1330, 3, 21.1, 52, NULL, '2022-10-03 18:23:02'),
(1331, 3, 21.1, 52, NULL, '2022-10-03 18:28:02'),
(1332, 3, 21.1, 52, NULL, '2022-10-03 18:33:03'),
(1333, 3, 21.1, 52, NULL, '2022-10-03 18:38:02'),
(1334, 3, 21.1, 52, NULL, '2022-10-03 18:43:02'),
(1335, 3, 21, 52, NULL, '2022-10-03 18:48:02'),
(1336, 3, 21, 52, NULL, '2022-10-03 18:53:02'),
(1337, 3, 21.1, 52, NULL, '2022-10-03 18:58:02'),
(1338, 3, 21.1, 52, NULL, '2022-10-03 19:03:02'),
(1339, 3, 21.1, 52, NULL, '2022-10-03 19:08:02'),
(1340, 3, 21.1, 52, NULL, '2022-10-03 19:13:02'),
(1341, 3, 21.1, 52, NULL, '2022-10-03 19:18:02'),
(1342, 3, 21.1, 52, NULL, '2022-10-03 19:23:02'),
(1343, 1, 21.75, 56.5, 98, '2022-10-03 19:24:53'),
(1344, 3, 21.1, 52, NULL, '2022-10-03 19:28:02'),
(1345, 3, 21.1, 52, NULL, '2022-10-03 19:33:02'),
(1346, 3, 21.1, 52, NULL, '2022-10-03 19:38:02'),
(1347, 3, 21.1, 52, NULL, '2022-10-03 19:43:02'),
(1348, 3, 21.1, 52, NULL, '2022-10-03 19:48:02'),
(1349, 3, 21.1, 52, NULL, '2022-10-03 19:53:02'),
(1350, 3, 21, 52, NULL, '2022-10-03 19:58:02'),
(1351, 3, 21, 52, NULL, '2022-10-03 20:03:02'),
(1352, 3, 21, 52, NULL, '2022-10-03 20:08:02'),
(1353, 3, 21, 52, NULL, '2022-10-03 20:13:02'),
(1354, 3, 21, 52, NULL, '2022-10-03 20:23:02'),
(1355, 3, 21, 52, NULL, '2022-10-03 20:28:02'),
(1356, 2, 21.38, 62, 100, '2022-10-03 20:30:48'),
(1357, 3, 21, 52, NULL, '2022-10-03 20:33:02'),
(1358, 1, 21.25, 54, 98, '2022-10-03 20:34:14'),
(1359, 3, 20.1, 52, NULL, '2022-10-03 20:38:02'),
(1360, 3, 20.1, 52, NULL, '2022-10-03 20:43:02'),
(1361, 3, 20.3, 53, NULL, '2022-10-03 20:48:02'),
(1362, 3, 20.3, 53, NULL, '2022-10-03 20:53:02'),
(1363, 3, 20.5, 53, NULL, '2022-10-03 20:58:02'),
(1364, 3, 20.5, 53, NULL, '2022-10-03 21:03:02'),
(1365, 3, 20.7, 53, NULL, '2022-10-03 21:08:02'),
(1366, 3, 20.7, 53, NULL, '2022-10-03 21:13:02'),
(1367, 3, 20.8, 53, NULL, '2022-10-03 21:18:02'),
(1368, 3, 20.8, 53, NULL, '2022-10-03 21:23:02'),
(1369, 3, 20.8, 53, NULL, '2022-10-03 21:28:03'),
(1370, 3, 20.8, 53, NULL, '2022-10-03 21:33:02'),
(1371, 3, 20.8, 53, NULL, '2022-10-03 21:38:02'),
(1372, 3, 20.9, 53, NULL, '2022-10-03 21:43:02'),
(1373, 3, 20.9, 53, NULL, '2022-10-03 21:48:02'),
(1374, 3, 20.9, 53, NULL, '2022-10-03 21:53:02'),
(1375, 3, 20.9, 53, NULL, '2022-10-03 21:58:02'),
(1376, 1, 21.75, 56, 98, '2022-10-03 22:02:20'),
(1377, 3, 20.9, 53, NULL, '2022-10-03 22:03:02'),
(1378, 3, 20.9, 53, NULL, '2022-10-03 22:08:02'),
(1379, 3, 20.9, 53, NULL, '2022-10-03 22:13:02'),
(1380, 3, 20.9, 53, NULL, '2022-10-03 22:18:03'),
(1381, 3, 20.9, 53, NULL, '2022-10-03 22:23:02'),
(1382, 3, 20.9, 53, NULL, '2022-10-03 22:28:02'),
(1383, 3, 21, 52, NULL, '2022-10-03 22:33:02'),
(1384, 3, 21, 52, NULL, '2022-10-03 22:38:02'),
(1385, 3, 20.9, 52, NULL, '2022-10-03 22:43:02'),
(1386, 3, 20.9, 52, NULL, '2022-10-03 22:48:02'),
(1387, 3, 21, 52, NULL, '2022-10-03 22:53:02'),
(1388, 3, 21, 52, NULL, '2022-10-03 22:58:02'),
(1389, 3, 21, 52, NULL, '2022-10-03 23:03:02'),
(1390, 3, 21, 52, NULL, '2022-10-03 23:08:02'),
(1391, 3, 21, 52, NULL, '2022-10-03 23:13:02'),
(1392, 3, 21, 52, NULL, '2022-10-03 23:18:02'),
(1393, 3, 21, 53, NULL, '2022-10-03 23:23:02'),
(1394, 3, 21, 53, NULL, '2022-10-03 23:28:02'),
(1395, 3, 21, 53, NULL, '2022-10-03 23:33:02'),
(1396, 3, 21, 53, NULL, '2022-10-03 23:38:02'),
(1397, 3, 21, 53, NULL, '2022-10-03 23:43:02'),
(1398, 3, 21, 53, NULL, '2022-10-03 23:48:02'),
(1399, 3, 21, 53, NULL, '2022-10-03 23:53:02'),
(1400, 3, 21, 53, NULL, '2022-10-03 23:58:02'),
(1401, 3, 21, 52, NULL, '2022-10-04 00:03:02'),
(1402, 3, 21, 52, NULL, '2022-10-04 00:08:02'),
(1403, 3, 21, 52, NULL, '2022-10-04 00:13:02'),
(1404, 3, 21, 52, NULL, '2022-10-04 00:18:02'),
(1405, 3, 21.1, 52, NULL, '2022-10-04 00:23:02'),
(1406, 3, 21.1, 52, NULL, '2022-10-04 00:28:02'),
(1407, 3, 21.1, 52, NULL, '2022-10-04 00:33:02'),
(1408, 3, 21.1, 52, NULL, '2022-10-04 00:38:02'),
(1409, 3, 21, 52, NULL, '2022-10-04 00:43:02'),
(1410, 3, 21, 52, NULL, '2022-10-04 00:48:02'),
(1411, 3, 21, 52, NULL, '2022-10-04 00:53:02'),
(1412, 3, 21, 53, NULL, '2022-10-04 00:58:02'),
(1413, 3, 21, 53, NULL, '2022-10-04 01:03:02'),
(1414, 3, 21, 53, NULL, '2022-10-04 01:08:02'),
(1415, 3, 21, 53, NULL, '2022-10-04 01:13:02'),
(1416, 3, 21.1, 52, NULL, '2022-10-04 01:18:02'),
(1417, 3, 21.1, 52, NULL, '2022-10-04 01:23:02'),
(1418, 3, 21, 52, NULL, '2022-10-04 01:28:02'),
(1419, 3, 21, 52, NULL, '2022-10-04 01:33:02'),
(1420, 3, 21.1, 52, NULL, '2022-10-04 01:38:02'),
(1421, 3, 21.1, 52, NULL, '2022-10-04 01:43:02'),
(1422, 3, 21.1, 52, NULL, '2022-10-04 01:48:02'),
(1423, 3, 21.1, 52, NULL, '2022-10-04 01:53:02'),
(1424, 3, 21.1, 52, NULL, '2022-10-04 01:58:02'),
(1425, 3, 21.1, 52, NULL, '2022-10-04 02:03:02'),
(1426, 3, 21.1, 52, NULL, '2022-10-04 02:08:02'),
(1427, 3, 21.1, 52, NULL, '2022-10-04 02:13:03'),
(1428, 3, 21, 53, NULL, '2022-10-04 02:18:02'),
(1429, 3, 21, 53, NULL, '2022-10-04 02:23:02'),
(1430, 3, 21, 53, NULL, '2022-10-04 02:28:02'),
(1431, 3, 21, 53, NULL, '2022-10-04 02:33:02'),
(1432, 3, 21.1, 53, NULL, '2022-10-04 02:38:02'),
(1433, 3, 21.1, 53, NULL, '2022-10-04 02:43:02'),
(1434, 3, 21.1, 53, NULL, '2022-10-04 02:48:02'),
(1435, 3, 21.1, 53, NULL, '2022-10-04 02:53:02'),
(1436, 3, 21.1, 52, NULL, '2022-10-04 02:58:02'),
(1437, 3, 21.1, 52, NULL, '2022-10-04 03:03:02'),
(1438, 3, 21.1, 52, NULL, '2022-10-04 03:08:02'),
(1439, 3, 21.1, 52, NULL, '2022-10-04 03:13:02'),
(1440, 3, 21.1, 52, NULL, '2022-10-04 03:18:02'),
(1441, 3, 21.1, 52, NULL, '2022-10-04 03:23:02'),
(1442, 3, 21.1, 52, NULL, '2022-10-04 03:28:02'),
(1443, 3, 21.1, 52, NULL, '2022-10-04 03:33:02'),
(1444, 3, 21.1, 53, NULL, '2022-10-04 03:38:02'),
(1445, 3, 21.1, 53, NULL, '2022-10-04 03:43:02'),
(1446, 3, 21.1, 53, NULL, '2022-10-04 03:48:02'),
(1447, 3, 21.1, 53, NULL, '2022-10-04 03:53:02'),
(1448, 3, 21.1, 53, NULL, '2022-10-04 03:58:02'),
(1449, 3, 21.1, 53, NULL, '2022-10-04 04:03:02'),
(1450, 3, 21.1, 52, NULL, '2022-10-04 04:08:02'),
(1451, 3, 21.1, 52, NULL, '2022-10-04 04:13:02'),
(1452, 3, 21.1, 52, NULL, '2022-10-04 04:18:02'),
(1453, 3, 21.1, 52, NULL, '2022-10-04 04:23:02'),
(1454, 3, 21.1, 52, NULL, '2022-10-04 04:28:02'),
(1455, 3, 21.1, 52, NULL, '2022-10-04 04:33:02'),
(1456, 3, 21.1, 52, NULL, '2022-10-04 04:38:02'),
(1457, 3, 21.1, 52, NULL, '2022-10-04 04:43:02'),
(1458, 3, 21.1, 52, NULL, '2022-10-04 04:48:02'),
(1459, 3, 21.1, 52, NULL, '2022-10-04 04:53:02'),
(1460, 3, 21.1, 52, NULL, '2022-10-04 04:58:02'),
(1461, 3, 21.1, 52, NULL, '2022-10-04 05:03:02'),
(1462, 3, 21.1, 52, NULL, '2022-10-04 05:08:02'),
(1463, 3, 21.1, 52, NULL, '2022-10-04 05:13:02'),
(1464, 3, 21.1, 52, NULL, '2022-10-04 05:18:02'),
(1465, 3, 21.1, 52, NULL, '2022-10-04 05:23:02'),
(1466, 3, 21.1, 52, NULL, '2022-10-04 05:28:02'),
(1467, 3, 21.1, 52, NULL, '2022-10-04 05:33:02'),
(1468, 3, 21.1, 52, NULL, '2022-10-04 05:38:02'),
(1469, 3, 21.1, 52, NULL, '2022-10-04 05:43:02'),
(1470, 3, 21.1, 52, NULL, '2022-10-04 05:48:02'),
(1471, 3, 21.1, 52, NULL, '2022-10-04 05:53:02'),
(1472, 3, 21.1, 52, NULL, '2022-10-04 05:58:02'),
(1473, 3, 21.1, 52, NULL, '2022-10-04 06:03:02'),
(1474, 3, 21.1, 52, NULL, '2022-10-04 06:08:02'),
(1475, 3, 21.1, 52, NULL, '2022-10-04 06:13:02'),
(1476, 3, 21.1, 52, NULL, '2022-10-04 06:18:02'),
(1477, 3, 21.1, 52, NULL, '2022-10-04 06:23:02'),
(1478, 3, 21, 52, NULL, '2022-10-04 06:28:02'),
(1479, 3, 21, 52, NULL, '2022-10-04 06:33:02'),
(1480, 3, 21.1, 52, NULL, '2022-10-04 06:38:02'),
(1481, 3, 21.1, 52, NULL, '2022-10-04 06:43:02'),
(1482, 3, 21.1, 52, NULL, '2022-10-04 06:48:02'),
(1483, 3, 21.1, 52, NULL, '2022-10-04 06:53:02'),
(1484, 3, 21.1, 52, NULL, '2022-10-04 06:58:02'),
(1485, 3, 21.1, 52, NULL, '2022-10-04 07:03:02'),
(1486, 1, 21.75, 59.5, 98, '2022-10-04 07:05:01'),
(1487, 3, 21.1, 52, NULL, '2022-10-04 07:08:02'),
(1488, 3, 21.1, 52, NULL, '2022-10-04 07:13:02'),
(1489, 3, 21.1, 52, NULL, '2022-10-04 07:18:02'),
(1490, 2, 21.62, 64, 100, '2022-10-04 07:20:42'),
(1491, 3, 21.1, 52, NULL, '2022-10-04 07:23:02'),
(1492, 3, 21.1, 52, NULL, '2022-10-04 07:28:02'),
(1493, 3, 21.1, 52, NULL, '2022-10-04 07:33:02'),
(1494, 3, 21.1, 52, NULL, '2022-10-04 07:38:02'),
(1495, 3, 21.1, 52, NULL, '2022-10-04 07:43:02'),
(1496, 3, 21.1, 52, NULL, '2022-10-04 07:48:02'),
(1497, 3, 21.1, 52, NULL, '2022-10-04 07:53:03'),
(1498, 3, 21.1, 52, NULL, '2022-10-04 07:58:02'),
(1499, 3, 21.1, 52, NULL, '2022-10-04 08:03:02'),
(1500, 3, 21.1, 52, NULL, '2022-10-04 08:08:02'),
(1501, 3, 21.1, 52, NULL, '2022-10-04 08:13:02'),
(1502, 3, 21.1, 52, NULL, '2022-10-04 08:18:02'),
(1503, 3, 21.1, 52, NULL, '2022-10-04 08:23:02'),
(1504, 3, 21.1, 52, NULL, '2022-10-04 08:28:02'),
(1505, 3, 21.1, 52, NULL, '2022-10-04 08:33:02'),
(1506, 3, 21.1, 52, NULL, '2022-10-04 08:38:02'),
(1507, 3, 21.1, 52, NULL, '2022-10-04 08:43:02'),
(1508, 3, 21.1, 52, NULL, '2022-10-04 08:48:02'),
(1509, 3, 21.1, 52, NULL, '2022-10-04 08:53:02'),
(1510, 3, 21.1, 52, NULL, '2022-10-04 08:58:02'),
(1511, 3, 21.1, 52, NULL, '2022-10-04 09:03:02'),
(1512, 3, 21.1, 52, NULL, '2022-10-04 09:08:02'),
(1513, 3, 21.1, 52, NULL, '2022-10-04 09:13:02'),
(1514, 3, 21.1, 52, NULL, '2022-10-04 09:18:02'),
(1515, 3, 21.1, 52, NULL, '2022-10-04 09:23:02'),
(1516, 3, 21.1, 52, NULL, '2022-10-04 09:28:02'),
(1517, 3, 21.1, 52, NULL, '2022-10-04 09:33:02'),
(1518, 3, 21.1, 52, NULL, '2022-10-04 09:38:02'),
(1519, 3, 21.1, 52, NULL, '2022-10-04 09:43:02'),
(1520, 3, 21.1, 52, NULL, '2022-10-04 09:48:02'),
(1521, 3, 21.1, 52, NULL, '2022-10-04 09:53:02'),
(1522, 3, 21.1, 52, NULL, '2022-10-04 09:58:02'),
(1523, 3, 21.1, 52, NULL, '2022-10-04 10:03:02'),
(1524, 3, 21.1, 52, NULL, '2022-10-04 10:08:02'),
(1525, 3, 21.1, 52, NULL, '2022-10-04 10:13:02'),
(1526, 3, 21.1, 52, NULL, '2022-10-04 10:18:02'),
(1527, 3, 21.1, 52, NULL, '2022-10-04 10:23:02'),
(1528, 3, 21.1, 52, NULL, '2022-10-04 10:28:02'),
(1529, 3, 21.1, 52, NULL, '2022-10-04 10:33:02'),
(1530, 3, 21.1, 52, NULL, '2022-10-04 10:38:02'),
(1531, 3, 21.1, 52, NULL, '2022-10-04 10:43:02'),
(1532, 3, 21.1, 52, NULL, '2022-10-04 10:48:02'),
(1533, 3, 21.2, 52, NULL, '2022-10-04 10:53:02'),
(1534, 3, 21.2, 52, NULL, '2022-10-04 10:58:03'),
(1535, 3, 21.1, 52, NULL, '2022-10-04 11:03:02'),
(1536, 3, 21.1, 52, NULL, '2022-10-04 11:08:02'),
(1537, 3, 21.1, 52, NULL, '2022-10-04 11:13:02'),
(1538, 3, 21.1, 52, NULL, '2022-10-04 11:18:02'),
(1539, 3, 21.1, 52, NULL, '2022-10-04 11:23:02'),
(1540, 3, 21.1, 52, NULL, '2022-10-04 11:28:02'),
(1541, 3, 21.1, 52, NULL, '2022-10-04 11:33:02'),
(1542, 3, 21.1, 52, NULL, '2022-10-04 11:38:02'),
(1543, 3, 21.2, 52, NULL, '2022-10-04 11:43:02'),
(1544, 3, 21.2, 52, NULL, '2022-10-04 11:48:02'),
(1545, 3, 21.2, 52, NULL, '2022-10-04 11:53:02'),
(1546, 3, 21.2, 52, NULL, '2022-10-04 11:58:02'),
(1547, 3, 21.2, 52, NULL, '2022-10-04 12:03:02'),
(1548, 3, 21.2, 52, NULL, '2022-10-04 12:08:02'),
(1549, 3, 21.2, 52, NULL, '2022-10-04 12:13:02'),
(1550, 3, 21.2, 52, NULL, '2022-10-04 12:18:02'),
(1551, 3, 21.2, 52, NULL, '2022-10-04 12:23:02'),
(1552, 3, 21.2, 52, NULL, '2022-10-04 12:28:02'),
(1553, 3, 21.2, 52, NULL, '2022-10-04 12:33:02'),
(1554, 3, 21.2, 52, NULL, '2022-10-04 12:38:02'),
(1555, 3, 21.2, 52, NULL, '2022-10-04 12:43:02'),
(1556, 3, 21.2, 52, NULL, '2022-10-04 12:48:02'),
(1557, 3, 21.2, 52, NULL, '2022-10-04 12:53:02'),
(1558, 3, 21.2, 52, NULL, '2022-10-04 12:58:02'),
(1559, 3, 21.2, 53, NULL, '2022-10-04 13:03:02'),
(1560, 3, 21.2, 53, NULL, '2022-10-04 13:08:02'),
(1561, 3, 21.3, 53, NULL, '2022-10-04 13:13:02'),
(1562, 3, 21.3, 53, NULL, '2022-10-04 13:18:02'),
(1563, 3, 21.4, 53, NULL, '2022-10-04 13:23:02'),
(1564, 3, 21.4, 53, NULL, '2022-10-04 13:28:02'),
(1565, 3, 21.5, 54, NULL, '2022-10-04 13:33:02'),
(1566, 3, 21.5, 54, NULL, '2022-10-04 13:38:02'),
(1567, 3, 21.5, 54, NULL, '2022-10-04 13:43:02'),
(1568, 3, 21.5, 54, NULL, '2022-10-04 13:48:02'),
(1569, 3, 21.6, 54, NULL, '2022-10-04 13:53:02'),
(1570, 3, 21.6, 54, NULL, '2022-10-04 13:58:02'),
(1571, 3, 21.6, 54, NULL, '2022-10-04 14:03:02'),
(1572, 3, 21.6, 54, NULL, '2022-10-04 14:08:02'),
(1573, 3, 21.6, 54, NULL, '2022-10-04 14:13:02'),
(1574, 3, 21.6, 54, NULL, '2022-10-04 14:18:02'),
(1575, 3, 21.6, 54, NULL, '2022-10-04 14:23:02'),
(1576, 3, 21.6, 54, NULL, '2022-10-04 14:28:02'),
(1577, 3, 21.5, 54, NULL, '2022-10-04 14:33:02'),
(1578, 3, 21.5, 54, NULL, '2022-10-04 14:38:03'),
(1579, 3, 21.7, 54, NULL, '2022-10-04 14:43:02'),
(1580, 3, 21.7, 54, NULL, '2022-10-04 14:48:02'),
(1581, 3, 21.7, 54, NULL, '2022-10-04 14:53:02'),
(1582, 3, 21.7, 54, NULL, '2022-10-04 14:58:02'),
(1583, 3, 21.7, 54, NULL, '2022-10-04 15:03:02'),
(1584, 3, 21.7, 54, NULL, '2022-10-04 15:08:02'),
(1585, 3, 21.7, 54, NULL, '2022-10-04 15:13:02'),
(1586, 3, 21.7, 54, NULL, '2022-10-04 15:18:02'),
(1587, 3, 21.7, 54, NULL, '2022-10-04 15:23:02'),
(1588, 3, 21.7, 54, NULL, '2022-10-04 15:28:02'),
(1589, 1, 21.25, 55, 98, '2022-10-04 15:29:09'),
(1590, 3, 21.2, 53, NULL, '2022-10-04 15:33:02'),
(1591, 1, 21.5, 54.5, 98, '2022-10-04 15:34:21'),
(1592, 3, 21.2, 53, NULL, '2022-10-04 15:38:02'),
(1593, 1, 21.75, 55, 98, '2022-10-04 15:39:42'),
(1594, 3, 21, 53, NULL, '2022-10-04 15:43:02'),
(1595, 3, 21, 53, NULL, '2022-10-04 15:48:02'),
(1596, 3, 20.8, 53, NULL, '2022-10-04 15:53:02'),
(1597, 3, 20.8, 53, NULL, '2022-10-04 15:58:02'),
(1598, 3, 20.8, 53, NULL, '2022-10-04 16:03:02'),
(1599, 3, 20.8, 53, NULL, '2022-10-04 16:08:02'),
(1600, 3, 21, 53, NULL, '2022-10-04 16:13:02'),
(1601, 3, 21, 53, NULL, '2022-10-04 16:18:03'),
(1602, 3, 21.1, 53, NULL, '2022-10-04 16:23:02'),
(1603, 3, 21.1, 53, NULL, '2022-10-04 16:28:02'),
(1604, 3, 21.1, 53, NULL, '2022-10-04 16:33:02'),
(1605, 3, 21.1, 53, NULL, '2022-10-04 16:38:02'),
(1606, 3, 21.2, 53, NULL, '2022-10-04 16:43:02'),
(1607, 3, 21.2, 53, NULL, '2022-10-04 16:48:02'),
(1608, 3, 21.1, 54, NULL, '2022-10-04 16:53:02'),
(1609, 3, 21.1, 54, NULL, '2022-10-04 16:58:02'),
(1610, 3, 21.2, 54, NULL, '2022-10-04 17:03:02'),
(1611, 3, 21.2, 54, NULL, '2022-10-04 17:08:02'),
(1612, 3, 21.2, 54, NULL, '2022-10-04 17:13:02'),
(1613, 3, 21.2, 54, NULL, '2022-10-04 17:18:02'),
(1614, 3, 21.3, 54, NULL, '2022-10-04 17:23:02'),
(1615, 3, 21.3, 54, NULL, '2022-10-04 17:28:02'),
(1616, 3, 21.3, 54, NULL, '2022-10-04 17:33:02'),
(1617, 3, 21.3, 54, NULL, '2022-10-04 17:38:02'),
(1618, 3, 21.3, 54, NULL, '2022-10-04 17:43:02'),
(1619, 3, 21.3, 54, NULL, '2022-10-04 17:48:02'),
(1620, 3, 21.2, 54, NULL, '2022-10-04 17:53:02'),
(1621, 3, 21.2, 54, NULL, '2022-10-04 17:58:02'),
(1622, 3, 21.3, 54, NULL, '2022-10-04 18:03:02'),
(1623, 3, 21.3, 54, NULL, '2022-10-04 18:08:02'),
(1624, 2, 21.75, 61, 100, '2022-10-04 18:11:09'),
(1625, 3, 21.3, 54, NULL, '2022-10-04 18:13:02'),
(1626, 3, 21.3, 54, NULL, '2022-10-04 18:39:13'),
(1627, 3, 21.3, 54, NULL, '2022-10-04 18:46:35'),
(1628, 3, 21.3, 54, NULL, '2022-10-04 18:51:35'),
(1629, 3, 21.4, 54, NULL, '2022-10-04 19:00:45'),
(1630, 3, 21.4, 54, NULL, '2022-10-04 19:07:28'),
(1631, 3, 21.4, 54, NULL, '2022-10-04 19:12:28'),
(1632, 3, 21.3, 54, NULL, '2022-10-04 19:17:28'),
(1633, 3, 21.4, 54, NULL, '2022-10-04 19:31:47'),
(1634, 2, 21.88, 61.5, 100, '2022-10-04 19:56:23'),
(1635, 3, 20.7, 53, NULL, '2022-10-04 19:58:24'),
(1636, 3, 20.3, 54, NULL, '2022-10-04 20:03:24'),
(1637, 2, 22.62, 59.5, 100, '2022-10-04 20:03:36'),
(1638, 2, 22.5, 59, 100, '2022-10-04 20:08:38'),
(1639, 2, 22.5, 59, 100, '2022-10-04 20:09:09'),
(1640, 3, 20.6, 54, NULL, '2022-10-04 20:31:24'),
(1641, 3, 20.9, 54, NULL, '2022-10-04 20:46:13'),
(1642, 3, 21, 54, NULL, '2022-10-04 21:09:48'),
(1643, 2, 21.88, 61, 100, '2022-10-04 21:11:26'),
(1644, 3, 21, 54, NULL, '2022-10-04 21:14:48'),
(1645, 2, 21.62, 61, 100, '2022-10-04 21:18:39'),
(1646, 3, 21, 54, NULL, '2022-10-04 21:25:43'),
(1647, 2, 21, 62, 100, '2022-10-04 21:26:51'),
(1648, 2, 21, 62, 100, '2022-10-04 21:27:15'),
(1649, 2, 20.62, 62.5, 100, '2022-10-04 21:38:07'),
(1650, 3, 21.1, 54, NULL, '2022-10-04 21:39:36'),
(1651, 3, 21.1, 54, NULL, '2022-10-04 21:44:36'),
(1652, 3, 21.1, 54, NULL, '2022-10-04 21:49:36'),
(1653, 3, 21.1, 54, NULL, '2022-10-04 21:54:36'),
(1654, 2, 20.5, 65, 100, '2022-10-04 21:58:31'),
(1655, 3, 21.1, 54, NULL, '2022-10-04 22:12:04'),
(1656, 3, 21.1, 54, NULL, '2022-10-04 22:20:28'),
(1657, 3, 21.2, 54, NULL, '2022-10-04 22:26:19'),
(1658, 3, 21.1, 54, NULL, '2022-10-04 22:36:41'),
(1659, 3, 21.1, 54, NULL, '2022-10-04 22:43:47'),
(1660, 3, 21.2, 54, NULL, '2022-10-04 23:11:56'),
(1661, 3, 21.2, 54, NULL, '2022-10-04 23:18:37'),
(1662, 3, 21.2, 54, NULL, '2022-10-04 23:37:30'),
(1663, 3, 21.2, 54, NULL, '2022-10-04 23:59:25'),
(1664, 3, 21.2, 54, NULL, '2022-10-05 00:12:35'),
(1665, 3, 21.2, 54, NULL, '2022-10-05 00:17:35'),
(1666, 3, 21.2, 54, NULL, '2022-10-05 00:43:19'),
(1667, 2, 20.25, 62, 100, '2022-10-05 01:17:15'),
(1668, 2, 20.25, 62, 100, '2022-10-05 01:17:32'),
(1669, 3, 19.8, 53, NULL, '2022-10-05 01:25:45'),
(1670, 3, 19.8, 53, NULL, '2022-10-05 01:27:20'),
(1671, 3, 19.1, 53, NULL, '2022-10-05 01:38:26'),
(1672, 3, 18.7, 53, NULL, '2022-10-05 01:46:14'),
(1673, 3, 19.1, 53, NULL, '2022-10-05 02:00:50'),
(1674, 3, 19.5, 53, NULL, '2022-10-05 02:14:10'),
(1675, 3, 19.9, 53, NULL, '2022-10-05 02:21:58'),
(1676, 1, 21.5, 55.5, 98, '2022-10-05 02:54:00'),
(1677, 3, 20.5, 53, NULL, '2022-10-05 02:57:19'),
(1678, 3, 20.5, 53, NULL, '2022-10-05 02:59:38'),
(1679, 3, 20.5, 53, NULL, '2022-10-05 03:04:34'),
(1680, 3, 20.5, 53, NULL, '2022-10-05 03:14:03'),
(1681, 3, 20.6, 53, NULL, '2022-10-05 03:19:03'),
(1682, 3, 20.6, 53, NULL, '2022-10-05 03:24:03'),
(1683, 3, 20.6, 53, NULL, '2022-10-05 03:29:03'),
(1684, 3, 20.6, 53, NULL, '2022-10-05 03:35:23'),
(1685, 3, 20.7, 53, NULL, '2022-10-05 03:40:23'),
(1686, 3, 20.7, 53, NULL, '2022-10-05 03:45:23'),
(1687, 3, 20.7, 53, NULL, '2022-10-05 03:50:23'),
(1688, 3, 20.7, 53, NULL, '2022-10-05 03:55:23'),
(1689, 3, 20.7, 53, NULL, '2022-10-05 04:00:23'),
(1690, 3, 20.7, 53, NULL, '2022-10-05 04:05:23'),
(1691, 3, 20.7, 53, NULL, '2022-10-05 04:10:23'),
(1692, 3, 20.7, 53, NULL, '2022-10-05 04:15:24'),
(1693, 3, 20.7, 53, NULL, '2022-10-05 04:20:23'),
(1694, 3, 20.7, 53, NULL, '2022-10-05 04:29:44'),
(1695, 3, 20.7, 53, NULL, '2022-10-05 04:34:44'),
(1696, 3, 20.8, 53, NULL, '2022-10-05 04:39:44'),
(1697, 3, 20.8, 53, NULL, '2022-10-05 04:44:44'),
(1698, 3, 20.8, 53, NULL, '2022-10-05 04:49:44'),
(1699, 3, 20.8, 53, NULL, '2022-10-05 04:54:44'),
(1700, 3, 20.8, 53, NULL, '2022-10-05 04:59:44'),
(1701, 3, 20.8, 53, NULL, '2022-10-05 05:04:44'),
(1702, 3, 20.8, 53, NULL, '2022-10-05 05:09:44'),
(1703, 3, 20.8, 53, NULL, '2022-10-05 05:14:44'),
(1704, 3, 20.9, 53, NULL, '2022-10-05 05:19:44'),
(1705, 2, 20.12, 59, 100, '2022-10-05 05:23:26'),
(1706, 3, 20.9, 53, NULL, '2022-10-05 05:24:44'),
(1707, 1, 21.25, 52.5, 98, '2022-10-05 05:28:05'),
(1708, 2, 21.12, 62, 100, '2022-10-05 05:28:29'),
(1709, 3, 20.3, 52, NULL, '2022-10-05 05:29:44'),
(1710, 3, 20.3, 52, NULL, '2022-10-05 05:34:44'),
(1711, 3, 19.5, 52, NULL, '2022-10-05 05:39:44'),
(1712, 3, 19.5, 52, NULL, '2022-10-05 05:44:44'),
(1713, 3, 19.8, 52, NULL, '2022-10-05 05:49:44'),
(1714, 3, 19.8, 52, NULL, '2022-10-05 05:54:45'),
(1715, 3, 20, 52, NULL, '2022-10-05 05:59:46'),
(1716, 3, 20, 52, NULL, '2022-10-05 06:04:44'),
(1717, 3, 20.1, 52, NULL, '2022-10-05 06:09:44'),
(1718, 3, 20.1, 52, NULL, '2022-10-05 06:14:44'),
(1719, 3, 20.2, 52, NULL, '2022-10-05 06:19:44'),
(1720, 3, 20.2, 52, NULL, '2022-10-05 06:24:45'),
(1721, 3, 20.3, 52, NULL, '2022-10-05 06:29:44'),
(1722, 3, 20.3, 52, NULL, '2022-10-05 06:34:45'),
(1723, 3, 20.3, 52, NULL, '2022-10-05 06:39:44'),
(1724, 3, 20.3, 52, NULL, '2022-10-05 06:44:44'),
(1725, 1, 21.75, 54, 98, '2022-10-05 06:49:07'),
(1726, 3, 20.4, 52, NULL, '2022-10-05 06:49:44'),
(1727, 3, 20.4, 52, NULL, '2022-10-05 06:54:44'),
(1728, 3, 20.4, 52, NULL, '2022-10-05 06:59:44'),
(1729, 3, 20.4, 52, NULL, '2022-10-05 07:04:45'),
(1730, 3, 20.4, 52, NULL, '2022-10-05 07:09:45'),
(1731, 3, 20.4, 52, NULL, '2022-10-05 07:14:44'),
(1732, 3, 20.4, 52, NULL, '2022-10-05 07:19:44'),
(1733, 3, 20.4, 52, NULL, '2022-10-05 07:24:44'),
(1734, 3, 20.4, 52, NULL, '2022-10-05 07:29:44'),
(1735, 3, 20.4, 52, NULL, '2022-10-05 07:34:44'),
(1736, 3, 20.5, 52, NULL, '2022-10-05 07:39:44'),
(1737, 3, 20.5, 52, NULL, '2022-10-05 07:44:44'),
(1738, 3, 20.4, 52, NULL, '2022-10-05 07:49:45'),
(1739, 3, 20.4, 52, NULL, '2022-10-05 07:54:44'),
(1740, 3, 20.5, 52, NULL, '2022-10-05 07:59:44'),
(1741, 3, 20.5, 52, NULL, '2022-10-05 08:04:44'),
(1742, 3, 20.5, 52, NULL, '2022-10-05 08:09:44'),
(1743, 3, 20.5, 52, NULL, '2022-10-05 08:14:44'),
(1744, 3, 20.5, 52, NULL, '2022-10-05 08:19:45'),
(1745, 3, 20.5, 52, NULL, '2022-10-05 08:24:44'),
(1746, 3, 20.5, 52, NULL, '2022-10-05 08:29:44'),
(1747, 3, 20.5, 52, NULL, '2022-10-05 08:34:44'),
(1748, 3, 20.5, 52, NULL, '2022-10-05 08:39:44'),
(1749, 3, 20.5, 52, NULL, '2022-10-05 08:44:44'),
(1750, 3, 20.5, 52, NULL, '2022-10-05 08:49:44'),
(1751, 3, 20.5, 52, NULL, '2022-10-05 08:54:44'),
(1752, 3, 20.5, 52, NULL, '2022-10-05 08:59:44'),
(1753, 3, 20.5, 52, NULL, '2022-10-05 09:04:44'),
(1754, 3, 20.5, 52, NULL, '2022-10-05 09:09:44'),
(1755, 3, 20.5, 52, NULL, '2022-10-05 09:14:44'),
(1756, 3, 20.6, 52, NULL, '2022-10-05 09:19:44'),
(1757, 3, 20.6, 52, NULL, '2022-10-05 09:24:44'),
(1758, 3, 20.6, 52, NULL, '2022-10-05 09:29:44'),
(1759, 3, 20.6, 52, NULL, '2022-10-05 09:34:44'),
(1760, 3, 20.6, 52, NULL, '2022-10-05 09:39:44'),
(1761, 3, 20.6, 52, NULL, '2022-10-05 09:44:44'),
(1762, 3, 20.5, 52, NULL, '2022-10-05 09:49:44'),
(1763, 3, 20.5, 52, NULL, '2022-10-05 09:54:45'),
(1764, 3, 20.5, 52, NULL, '2022-10-05 09:59:45'),
(1765, 3, 20.6, 52, NULL, '2022-10-05 10:04:49'),
(1766, 3, 20.6, 52, NULL, '2022-10-05 10:09:44'),
(1767, 3, 20.6, 52, NULL, '2022-10-05 10:14:44'),
(1768, 3, 20.6, 52, NULL, '2022-10-05 10:19:44'),
(1769, 3, 20.6, 52, NULL, '2022-10-05 10:24:44'),
(1770, 3, 20.6, 52, NULL, '2022-10-05 10:29:44'),
(1771, 3, 20.6, 52, NULL, '2022-10-05 10:34:44'),
(1772, 3, 20.6, 52, NULL, '2022-10-05 10:39:44'),
(1773, 3, 20.6, 52, NULL, '2022-10-05 10:44:44'),
(1774, 3, 20.6, 52, NULL, '2022-10-05 10:49:44'),
(1775, 3, 20.6, 52, NULL, '2022-10-05 10:54:44'),
(1776, 3, 20.6, 52, NULL, '2022-10-05 10:59:44'),
(1777, 3, 20.6, 52, NULL, '2022-10-05 11:04:44'),
(1778, 3, 20.6, 52, NULL, '2022-10-05 11:09:44'),
(1779, 3, 20.7, 52, NULL, '2022-10-05 11:14:44'),
(1780, 3, 20.7, 52, NULL, '2022-10-05 11:19:44'),
(1781, 3, 20.7, 52, NULL, '2022-10-05 11:24:44'),
(1782, 3, 20.7, 52, NULL, '2022-10-05 11:29:44'),
(1783, 3, 20.7, 52, NULL, '2022-10-05 11:34:44'),
(1784, 3, 20.7, 52, NULL, '2022-10-05 11:39:44'),
(1785, 3, 20.7, 52, NULL, '2022-10-05 11:44:44'),
(1786, 3, 20.7, 52, NULL, '2022-10-05 11:49:44'),
(1787, 3, 20.7, 52, NULL, '2022-10-05 11:54:44'),
(1788, 3, 20.7, 52, NULL, '2022-10-05 11:59:44'),
(1789, 3, 20.7, 52, NULL, '2022-10-05 12:04:44'),
(1790, 3, 20.7, 52, NULL, '2022-10-05 12:09:44'),
(1791, 3, 20.7, 52, NULL, '2022-10-05 12:14:44'),
(1792, 3, 20.7, 52, NULL, '2022-10-05 12:19:44'),
(1793, 3, 20.7, 52, NULL, '2022-10-05 12:24:44'),
(1794, 3, 20.7, 52, NULL, '2022-10-05 12:29:44'),
(1795, 3, 20.7, 52, NULL, '2022-10-05 12:34:44'),
(1796, 3, 20.7, 52, NULL, '2022-10-05 12:39:44'),
(1797, 3, 20.7, 52, NULL, '2022-10-05 12:44:44'),
(1798, 3, 20.7, 52, NULL, '2022-10-05 12:49:44'),
(1799, 3, 20.7, 52, NULL, '2022-10-05 12:54:44'),
(1800, 3, 20.7, 52, NULL, '2022-10-05 12:59:45'),
(1801, 3, 20.7, 52, NULL, '2022-10-05 13:04:44'),
(1802, 3, 20.7, 52, NULL, '2022-10-05 13:09:44'),
(1803, 3, 20.7, 52, NULL, '2022-10-05 13:14:45'),
(1804, 3, 20.7, 52, NULL, '2022-10-05 13:19:44'),
(1805, 3, 20.7, 52, NULL, '2022-10-05 13:24:44'),
(1806, 3, 20.7, 52, NULL, '2022-10-05 13:29:44'),
(1807, 3, 20.7, 52, NULL, '2022-10-05 13:34:46'),
(1808, 3, 20.7, 52, NULL, '2022-10-05 13:39:44'),
(1809, 3, 20.7, 52, NULL, '2022-10-05 13:44:44'),
(1810, 3, 20.7, 52, NULL, '2022-10-05 13:49:44'),
(1811, 3, 20.7, 52, NULL, '2022-10-05 13:54:44'),
(1812, 3, 20.7, 52, NULL, '2022-10-05 13:59:44'),
(1813, 3, 20.7, 52, NULL, '2022-10-05 14:04:44'),
(1814, 3, 20.7, 52, NULL, '2022-10-05 14:09:44'),
(1815, 3, 20.8, 52, NULL, '2022-10-05 14:14:44'),
(1816, 3, 20.8, 52, NULL, '2022-10-05 14:19:44'),
(1817, 3, 20.8, 52, NULL, '2022-10-05 14:24:44'),
(1818, 3, 20.8, 52, NULL, '2022-10-05 14:29:44'),
(1819, 3, 20.8, 52, NULL, '2022-10-05 14:34:44'),
(1820, 3, 20.8, 52, NULL, '2022-10-05 14:39:44'),
(1821, 3, 20.8, 52, NULL, '2022-10-05 14:44:44'),
(1822, 3, 20.8, 52, NULL, '2022-10-05 14:49:44'),
(1823, 3, 20.8, 52, NULL, '2022-10-05 14:54:44'),
(1824, 3, 20.8, 52, NULL, '2022-10-05 14:59:44'),
(1825, 3, 20.8, 52, NULL, '2022-10-05 15:04:44'),
(1826, 3, 20.8, 52, NULL, '2022-10-05 15:09:45'),
(1827, 3, 20.8, 52, NULL, '2022-10-05 15:14:44'),
(1828, 3, 20.8, 52, NULL, '2022-10-05 15:19:44'),
(1829, 3, 20.8, 52, NULL, '2022-10-05 15:24:44'),
(1830, 3, 20.8, 52, NULL, '2022-10-05 15:29:44'),
(1831, 3, 20.8, 52, NULL, '2022-10-05 15:34:44'),
(1832, 3, 20.8, 52, NULL, '2022-10-05 15:39:44'),
(1833, 3, 20.8, 52, NULL, '2022-10-05 15:44:44'),
(1834, 3, 20.8, 52, NULL, '2022-10-05 15:49:44'),
(1835, 3, 20.8, 52, NULL, '2022-10-05 15:54:44'),
(1836, 3, 20.8, 52, NULL, '2022-10-05 15:59:44'),
(1837, 3, 20.8, 52, NULL, '2022-10-05 16:04:44'),
(1838, 3, 20.8, 52, NULL, '2022-10-05 16:09:45'),
(1839, 3, 20.9, 52, NULL, '2022-10-05 16:14:44'),
(1840, 2, 20.88, 62.5, 100, '2022-10-05 16:18:53'),
(1841, 3, 20.9, 52, NULL, '2022-10-05 16:19:44'),
(1842, 3, 20.8, 52, NULL, '2022-10-05 16:24:44'),
(1843, 3, 20.8, 52, NULL, '2022-10-05 16:29:44'),
(1844, 3, 20.8, 52, NULL, '2022-10-05 16:34:44'),
(1845, 3, 20.8, 52, NULL, '2022-10-05 16:39:45'),
(1846, 3, 20.8, 52, NULL, '2022-10-05 16:44:44'),
(1847, 3, 20.8, 52, NULL, '2022-10-05 16:49:45'),
(1848, 3, 20.8, 52, NULL, '2022-10-05 16:54:44'),
(1849, 3, 20.8, 52, NULL, '2022-10-05 16:59:44'),
(1850, 3, 20.9, 52, NULL, '2022-10-05 17:04:44'),
(1851, 3, 20.9, 52, NULL, '2022-10-05 17:09:44'),
(1852, 3, 20.8, 52, NULL, '2022-10-05 17:14:44'),
(1853, 3, 20.8, 52, NULL, '2022-10-05 17:19:44'),
(1854, 3, 21, 53, NULL, '2022-10-05 17:24:44'),
(1855, 3, 21, 53, NULL, '2022-10-05 17:29:44'),
(1856, 3, 21, 53, NULL, '2022-10-05 17:34:44'),
(1857, 3, 21, 53, NULL, '2022-10-05 17:39:44'),
(1858, 3, 21.1, 53, NULL, '2022-10-05 17:44:44'),
(1859, 3, 21.1, 53, NULL, '2022-10-05 17:49:44'),
(1860, 3, 21.1, 53, NULL, '2022-10-05 17:54:44'),
(1861, 3, 21.1, 53, NULL, '2022-10-05 17:59:45'),
(1862, 1, 21.5, 56, 98, '2022-10-05 18:03:32'),
(1863, 3, 21, 53, NULL, '2022-10-05 18:04:44'),
(1864, 3, 21, 53, NULL, '2022-10-05 18:09:44'),
(1865, 3, 21.1, 54, NULL, '2022-10-05 18:14:44'),
(1866, 3, 21.1, 54, NULL, '2022-10-05 18:19:44'),
(1867, 3, 21.1, 54, NULL, '2022-10-05 18:24:45'),
(1868, 3, 21.1, 54, NULL, '2022-10-05 18:29:44'),
(1869, 3, 21.1, 54, NULL, '2022-10-05 18:34:44'),
(1870, 3, 21.1, 54, NULL, '2022-10-05 18:39:44'),
(1871, 3, 21.1, 54, NULL, '2022-10-05 18:44:44'),
(1872, 3, 21.1, 54, NULL, '2022-10-05 18:49:44'),
(1873, 3, 21.1, 54, NULL, '2022-10-05 18:54:44'),
(1874, 3, 21.1, 54, NULL, '2022-10-05 18:59:44'),
(1875, 3, 21.1, 54, NULL, '2022-10-05 19:04:45'),
(1876, 3, 21.1, 54, NULL, '2022-10-05 19:09:44'),
(1877, 3, 21.1, 54, NULL, '2022-10-05 19:14:44'),
(1878, 3, 21.1, 54, NULL, '2022-10-05 19:19:45'),
(1879, 3, 21.1, 54, NULL, '2022-10-05 19:24:44'),
(1880, 3, 21.1, 54, NULL, '2022-10-05 19:29:44'),
(1881, 3, 21.1, 54, NULL, '2022-10-05 19:34:44'),
(1882, 3, 21.1, 54, NULL, '2022-10-05 19:39:44'),
(1883, 3, 21.1, 54, NULL, '2022-10-05 19:44:44'),
(1884, 3, 21.1, 54, NULL, '2022-10-05 19:49:45'),
(1885, 3, 21.1, 54, NULL, '2022-10-05 19:54:44'),
(1886, 3, 21.1, 54, NULL, '2022-10-05 19:59:45'),
(1887, 3, 21.1, 54, NULL, '2022-10-05 20:04:45'),
(1888, 3, 21.1, 54, NULL, '2022-10-05 20:09:44'),
(1889, 3, 21.2, 54, NULL, '2022-10-05 20:14:44'),
(1890, 3, 21.2, 54, NULL, '2022-10-05 20:19:44'),
(1891, 3, 21.2, 54, NULL, '2022-10-05 20:24:44'),
(1892, 3, 21.2, 54, NULL, '2022-10-05 20:29:44'),
(1893, 3, 21.3, 54, NULL, '2022-10-05 20:34:44'),
(1894, 3, 21.3, 54, NULL, '2022-10-05 20:39:44'),
(1895, 3, 21.3, 54, NULL, '2022-10-05 20:44:44'),
(1896, 3, 21.3, 54, NULL, '2022-10-05 20:49:44'),
(1897, 3, 21.3, 54, NULL, '2022-10-05 20:54:44'),
(1898, 3, 21.3, 54, NULL, '2022-10-05 20:59:44'),
(1899, 3, 21.3, 54, NULL, '2022-10-05 21:04:44'),
(1900, 3, 21.3, 54, NULL, '2022-10-05 21:09:44');

-- --------------------------------------------------------

--
-- Stellvertreter-Struktur des Views `yr_sum_temp_1d`
-- (Siehe unten f端r die tats辰chliche Ansicht)
--
CREATE TABLE `yr_sum_temp_1d` (
`yr_sum_temp` double
);

-- --------------------------------------------------------

--
-- Stellvertreter-Struktur des Views `yr_sum_temp_1h`
-- (Siehe unten f端r die tats辰chliche Ansicht)
--
CREATE TABLE `yr_sum_temp_1h` (
`yr_sum_temp` double
);

-- --------------------------------------------------------

--
-- Stellvertreter-Struktur des Views `yr_sum_temp_all`
-- (Siehe unten f端r die tats辰chliche Ansicht)
--
CREATE TABLE `yr_sum_temp_all` (
`yr_sum_temp` double
);

-- --------------------------------------------------------

--
-- Stellvertreter-Struktur des Views `yr_temp_1h`
-- (Siehe unten f端r die tats辰chliche Ansicht)
--
CREATE TABLE `yr_temp_1h` (
`yr_sum_temp` double
,`api_name` varchar(50)
);

-- --------------------------------------------------------

--
-- Struktur des Views `forecast_18h`
--
DROP TABLE IF EXISTS `forecast_18h`;

CREATE ALGORITHM=UNDEFINED DEFINER=`root`@`localhost` SQL SECURITY DEFINER VIEW `forecast_18h`  AS SELECT `api_data_forecast`.`id` AS `id`, `api_data_forecast`.`api_id` AS `api_id`, `api_data_forecast`.`forecast_time` AS `forecast_time`, `api_data_forecast`.`temperatur` AS `temperatur`, `api_data_forecast`.`humidity` AS `humidity`, `api_data_forecast`.`sky_description` AS `sky_description`, `api_data_forecast`.`sky_clouds` AS `sky_clouds`, `api_data_forecast`.`air_pressure` AS `air_pressure`, `api_data_forecast`.`probability_of_precipitation` AS `probability_of_precipitation`, `api_data_forecast`.`wind_speed` AS `wind_speed`, `api_data_forecast`.`wind_direction_deg` AS `wind_direction_deg`, `api_data_forecast`.`wind_direction_name` AS `wind_direction_name`, `api_data_forecast`.`updated` AS `updated` FROM `api_data_forecast` WHERE `api_data_forecast`.`forecast_time` like '%18:00:00' AND `api_data_forecast`.`updated` like '%15:%' AND `api_data_forecast`.`updated` >= current_timestamp() - interval 1 dayday  ;

-- --------------------------------------------------------

--
-- Struktur des Views `forecast_18hn`
--
DROP TABLE IF EXISTS `forecast_18hn`;

CREATE ALGORITHM=UNDEFINED DEFINER=`root`@`localhost` SQL SECURITY DEFINER VIEW `forecast_18hn`  AS SELECT `api_data_forecast`.`api_id` AS `api_id`, `api_data_forecast`.`forecast_time` AS `forecast_time`, `api_data_forecast`.`temperatur` AS `temperatur`, `api_data_forecast`.`humidity` AS `humidity`, `api_data_forecast`.`updated` AS `updated` FROM `api_data_forecast` WHERE `api_data_forecast`.`forecast_time` like '%18:00:00' AND `api_data_forecast`.`updated` like '%15:%' AND `api_data_forecast`.`updated` >= current_timestamp() - interval 1 dayday  ;

-- --------------------------------------------------------

--
-- Struktur des Views `forecast_21h`
--
DROP TABLE IF EXISTS `forecast_21h`;

CREATE ALGORITHM=UNDEFINED DEFINER=`root`@`localhost` SQL SECURITY DEFINER VIEW `forecast_21h`  AS SELECT `api_data_forecast`.`id` AS `id`, `api_data_forecast`.`api_id` AS `api_id`, `api_data_forecast`.`forecast_time` AS `forecast_time`, `api_data_forecast`.`temperatur` AS `temperatur`, `api_data_forecast`.`humidity` AS `humidity`, `api_data_forecast`.`sky_description` AS `sky_description`, `api_data_forecast`.`sky_clouds` AS `sky_clouds`, `api_data_forecast`.`air_pressure` AS `air_pressure`, `api_data_forecast`.`probability_of_precipitation` AS `probability_of_precipitation`, `api_data_forecast`.`wind_speed` AS `wind_speed`, `api_data_forecast`.`wind_direction_deg` AS `wind_direction_deg`, `api_data_forecast`.`wind_direction_name` AS `wind_direction_name`, `api_data_forecast`.`updated` AS `updated` FROM `api_data_forecast` WHERE `api_data_forecast`.`forecast_time` like '%21:00:00' AND `api_data_forecast`.`updated` like '%18:%' AND `api_data_forecast`.`updated` >= current_timestamp() - interval 1 dayday  ;

-- --------------------------------------------------------

--
-- Struktur des Views `ow_sum_temp_1d`
--
DROP TABLE IF EXISTS `ow_sum_temp_1d`;

CREATE ALGORITHM=UNDEFINED DEFINER=`root`@`localhost` SQL SECURITY DEFINER VIEW `ow_sum_temp_1d`  AS SELECT sum(`compare_data`.`temp`) AS `ow_sum_temp` FROM `compare_data` WHERE `compare_data`.`updated` >= current_timestamp() - interval 1 day AND `compare_data`.`api_id` = '2''2'  ;

-- --------------------------------------------------------

--
-- Struktur des Views `ow_sum_temp_1h`
--
DROP TABLE IF EXISTS `ow_sum_temp_1h`;

CREATE ALGORITHM=UNDEFINED DEFINER=`root`@`localhost` SQL SECURITY DEFINER VIEW `ow_sum_temp_1h`  AS SELECT sum(`compare_data`.`temp`) AS `ow_sum_temp` FROM `compare_data` WHERE `compare_data`.`updated` >= current_timestamp() - interval 1 hour AND `compare_data`.`api_id` = '2''2'  ;

-- --------------------------------------------------------

--
-- Struktur des Views `ow_sum_temp_all`
--
DROP TABLE IF EXISTS `ow_sum_temp_all`;

CREATE ALGORITHM=UNDEFINED DEFINER=`root`@`localhost` SQL SECURITY DEFINER VIEW `ow_sum_temp_all`  AS SELECT sum(`compare_data`.`temp`) AS `ow_sum_temp` FROM `compare_data` WHERE `compare_data`.`api_id` = '2''2'  ;

-- --------------------------------------------------------

--
-- Struktur des Views `yr_sum_temp_1d`
--
DROP TABLE IF EXISTS `yr_sum_temp_1d`;

CREATE ALGORITHM=UNDEFINED DEFINER=`root`@`localhost` SQL SECURITY DEFINER VIEW `yr_sum_temp_1d`  AS SELECT sum(`compare_data`.`temp`) AS `yr_sum_temp` FROM `compare_data` WHERE `compare_data`.`updated` >= current_timestamp() - interval 1 day AND `compare_data`.`api_id` = '1''1'  ;

-- --------------------------------------------------------

--
-- Struktur des Views `yr_sum_temp_1h`
--
DROP TABLE IF EXISTS `yr_sum_temp_1h`;

CREATE ALGORITHM=UNDEFINED DEFINER=`root`@`localhost` SQL SECURITY DEFINER VIEW `yr_sum_temp_1h`  AS SELECT sum(`compare_data`.`temp`) AS `yr_sum_temp` FROM `compare_data` WHERE `compare_data`.`updated` >= current_timestamp() - interval 1 hour AND `compare_data`.`api_id` = '1''1'  ;

-- --------------------------------------------------------

--
-- Struktur des Views `yr_sum_temp_all`
--
DROP TABLE IF EXISTS `yr_sum_temp_all`;

CREATE ALGORITHM=UNDEFINED DEFINER=`root`@`localhost` SQL SECURITY DEFINER VIEW `yr_sum_temp_all`  AS SELECT sum(`compare_data`.`temp`) AS `yr_sum_temp` FROM `compare_data` WHERE `compare_data`.`api_id` = '1''1'  ;

-- --------------------------------------------------------

--
-- Struktur des Views `yr_temp_1h`
--
DROP TABLE IF EXISTS `yr_temp_1h`;

CREATE ALGORITHM=UNDEFINED DEFINER=`root`@`localhost` SQL SECURITY DEFINER VIEW `yr_temp_1h`  AS SELECT sum(`cd`.`temp`) AS `yr_sum_temp`, `api_id`.`api_name` AS `api_name` FROM (`compare_data` `cd` join `apis` `api_id` on(`cd`.`api_id` = 1)) WHERE `cd`.`updated` >= current_timestamp() - interval 1 hour AND `cd`.`api_id` = '1''1'  ;

--
-- Indizes der exportierten Tabellen
--

--
-- Indizes f端r die Tabelle `apis`
--
ALTER TABLE `apis`
  ADD PRIMARY KEY (`id`);

--
-- Indizes f端r die Tabelle `api_data_current`
--
ALTER TABLE `api_data_current`
  ADD PRIMARY KEY (`id`),
  ADD KEY `fk_api_id_current` (`api_id`);

--
-- Indizes f端r die Tabelle `api_data_forecast`
--
ALTER TABLE `api_data_forecast`
  ADD PRIMARY KEY (`id`),
  ADD KEY `fkForecast` (`api_id`);

--
-- Indizes f端r die Tabelle `compare_data`
--
ALTER TABLE `compare_data`
  ADD PRIMARY KEY (`id`),
  ADD KEY `fkApiIdCompare` (`api_id`);

--
-- Indizes f端r die Tabelle `room`
--
ALTER TABLE `room`
  ADD PRIMARY KEY (`id`);

--
-- Indizes f端r die Tabelle `room_settings`
--
ALTER TABLE `room_settings`
  ADD PRIMARY KEY (`id`),
  ADD KEY `fkRoomId` (`room_id`);

--
-- Indizes f端r die Tabelle `sensor`
--
ALTER TABLE `sensor`
  ADD PRIMARY KEY (`id`),
  ADD KEY `fk_room_id` (`room_id`);

--
-- Indizes f端r die Tabelle `sensor_data`
--
ALTER TABLE `sensor_data`
  ADD PRIMARY KEY (`id`),
  ADD KEY `fk9` (`sensor_id`);

--
-- AUTO_INCREMENT f端r exportierte Tabellen
--

--
-- AUTO_INCREMENT f端r Tabelle `apis`
--
ALTER TABLE `apis`
  MODIFY `id` int(11) NOT NULL AUTO_INCREMENT, AUTO_INCREMENT=5;

--
-- AUTO_INCREMENT f端r Tabelle `api_data_current`
--
ALTER TABLE `api_data_current`
  MODIFY `id` int(11) NOT NULL AUTO_INCREMENT, AUTO_INCREMENT=798;

--
-- AUTO_INCREMENT f端r Tabelle `api_data_forecast`
--
ALTER TABLE `api_data_forecast`
  MODIFY `id` int(11) NOT NULL AUTO_INCREMENT, AUTO_INCREMENT=34;

--
-- AUTO_INCREMENT f端r Tabelle `compare_data`
--
ALTER TABLE `compare_data`
  MODIFY `id` int(11) NOT NULL AUTO_INCREMENT, AUTO_INCREMENT=694;

--
-- AUTO_INCREMENT f端r Tabelle `room`
--
ALTER TABLE `room`
  MODIFY `id` int(11) NOT NULL AUTO_INCREMENT, AUTO_INCREMENT=4;

--
-- AUTO_INCREMENT f端r Tabelle `room_settings`
--
ALTER TABLE `room_settings`
  MODIFY `id` int(11) NOT NULL AUTO_INCREMENT, AUTO_INCREMENT=2;

--
-- AUTO_INCREMENT f端r Tabelle `sensor`
--
ALTER TABLE `sensor`
  MODIFY `id` int(11) NOT NULL AUTO_INCREMENT, AUTO_INCREMENT=5;

--
-- AUTO_INCREMENT f端r Tabelle `sensor_data`
--
ALTER TABLE `sensor_data`
  MODIFY `id` int(11) NOT NULL AUTO_INCREMENT, AUTO_INCREMENT=1901;

--
-- Constraints der exportierten Tabellen
--

--
-- Constraints der Tabelle `api_data_current`
--
ALTER TABLE `api_data_current`
  ADD CONSTRAINT `fk_api_id_current` FOREIGN KEY (`api_id`) REFERENCES `apis` (`id`);

--
-- Constraints der Tabelle `api_data_forecast`
--
ALTER TABLE `api_data_forecast`
  ADD CONSTRAINT `fkForecast` FOREIGN KEY (`api_id`) REFERENCES `apis` (`id`);

--
-- Constraints der Tabelle `compare_data`
--
ALTER TABLE `compare_data`
  ADD CONSTRAINT `fkApiIdCompare` FOREIGN KEY (`api_id`) REFERENCES `apis` (`id`);

--
-- Constraints der Tabelle `room_settings`
--
ALTER TABLE `room_settings`
  ADD CONSTRAINT `fkRoomId` FOREIGN KEY (`room_id`) REFERENCES `room` (`id`);

--
-- Constraints der Tabelle `sensor`
--
ALTER TABLE `sensor`
  ADD CONSTRAINT `fk_room_id` FOREIGN KEY (`room_id`) REFERENCES `room` (`id`);

--
-- Constraints der Tabelle `sensor_data`
--
ALTER TABLE `sensor_data`
  ADD CONSTRAINT `fk9` FOREIGN KEY (`sensor_id`) REFERENCES `sensor` (`id`);
COMMIT;

/*!40101 SET CHARACTER_SET_CLIENT=@OLD_CHARACTER_SET_CLIENT */;
/*!40101 SET CHARACTER_SET_RESULTS=@OLD_CHARACTER_SET_RESULTS */;
/*!40101 SET COLLATION_CONNECTION=@OLD_COLLATION_CONNECTION */;
